price,area,bedrooms,bathrooms,washingmachine,dtcenter,kitchen,ac,balcony,parking,furnish
10490165.4,33.5,2,2,1,0.31441178,1,1,2,2,2
10370078.29,31.0,2,2,1,0.378980408,1,1,2,2,2
10010000,31.0,2,2,1,0.415357807,1,1,2,2,2
9712289.73,40.9,2,2,1,0.438559042,1,1,2,2,2
9700713.88,33.4,1,2,1,0.441075219,1,1,1,1,1
9660097.59,32.2,2,1,1,0.444221184,1,1,2,2,2
9444825.39,31.0,2,1,1,0.468960753,1,1,2,2,2
9405993.74,32.4,1,2,1,0.470293903,1,1,1,1,1
9244829.88,37.2,2,2,1,0.491694993,1,1,2,2,2
9230684.32,32.2,2,2,1,0.493029719,1,1,2,1,2
9219736.24,37.2,2,2,1,0.532843745,1,1,2,2,2
9219736.24,40.9,1,2,1,0.496796286,1,1,1,1,1
9193394.21,31.0,2,1,1,0.533144371,1,1,2,2,2
8743684.95,32.2,2,2,1,0.542986279,1,1,2,1,2
8617161.41,33.5,1,2,1,0.548607397,1,1,1,2,1
8587526.09,31.0,2,2,1,0.555593629,1,1,2,1,2
8553190.36,32.2,1,2,1,0.582676441,1,1,1,2,1
8166052.18,31.0,1,2,1,0.603313853,1,1,1,2,1
7976930.39,51.5,2,1,1,0.607601689,0,1,2,0,0
7917561.08,36.0,2,1,1,0.607791418,1,1,2,1,1
7757811.49,37.2,2,1,1,0.620445812,1,1,2,1,1
7724717,26.0,2,2,1,0.628109438,1,1,2,1,1
7665593.65,56.3,2,1,1,0.643366086,0,1,2,0,0
7664462.52,24.8,1,2,1,0.643594813,1,1,1,2,0
7639210.15,51.5,2,1,1,0.659134397,0,1,2,0,1
7639210.15,36.0,2,1,1,0.644153432,1,1,2,1,0
7632045.85,36.0,2,1,1,0.667032918,1,1,2,1,2
7609208.75,34.7,2,1,1,0.686058981,1,1,0,1,2
7602128.82,26.0,2,2,1,0.686353915,1,1,2,1,1
7541930.11,32.2,1,1,1,0.689008194,0,1,0,1,1
7514475.54,46.7,1,1,1,0.693345589,1,1,1,0,2
7494379.75,43.9,1,1,1,0.696726997,1,1,1,0,2
7428473.91,33.5,2,1,1,0.696964302,1,1,2,1,2
7407607.35,24.8,1,2,1,0.711859571,1,1,1,2,0
7394881.78,27.3,2,1,1,0.7181282,1,1,0,1,1
7375789.85,23.6,1,2,1,0.736070919,1,1,1,2,0
7375789.85,42.0,1,1,1,0.725935397,1,1,1,0,2
7348499.73,14.9,2,1,1,0.740728906,1,1,2,1,2
7303531.95,29.8,2,1,1,0.751734642,1,1,2,1,0
7286226.09,24.8,2,2,1,0.753510554,1,1,2,1,1
7251009.48,26.0,2,1,1,0.759384508,1,1,2,2,1
7199016.11,32.2,1,1,1,0.762308606,1,1,1,1,1
7172829.95,28.5,2,1,1,0.767957605,1,1,2,1,0
7136892.62,32.2,1,2,1,0.771016318,1,1,1,2,0
7132516.82,24.8,2,1,1,0.779395628,1,1,2,2,1
7111860.47,27.3,1,2,1,0.780082753,1,1,1,2,1
7063975.49,36.0,1,1,1,0.78683205,1,1,1,1,2
7021803.36,27.3,2,1,1,0.795389622,1,1,1,1,1
7016333.61,36.0,1,1,1,0.801288509,0,1,1,1,2
7007000,27.3,2,1,1,0.801396807,1,1,2,1,1
7006091.95,19.8,1,2,1,0.801856465,1,1,1,2,2
6958434.34,14.9,2,1,1,0.810098408,1,1,2,1,2
6954315.94,14.9,2,1,1,0.82218867,1,1,2,1,2
6954315.94,32.2,1,1,1,0.811735518,1,1,2,1,1
6950407.75,34.7,2,1,1,0.825385559,1,1,0,2,0
6929296.66,18.6,1,2,1,0.835298782,1,1,1,2,2
6893277.82,34.7,1,1,1,0.837775385,1,1,1,1,2
6881877.86,19.8,2,1,1,0.840266148,1,1,2,1,2
6874263.11,17.4,1,2,1,0.844051992,1,1,1,2,1
6848947.82,27.3,2,1,1,0.847512924,1,1,2,1,1
6848947.82,24.8,2,1,1,0.845905047,1,1,2,2,0
6845271.29,22.3,2,2,1,0.849557403,1,1,2,1,1
6771885.12,38.4,1,1,1,0.8513581,1,1,1,1,1
6763000.53,28.5,2,1,1,0.853965626,1,1,2,1,2
6757098.92,18.6,1,1,1,0.858776629,1,1,1,2,2
6744443.42,31.0,1,2,1,0.863695462,0,1,1,2,0
6743578.27,34.7,1,1,1,0.863975259,1,1,1,1,2
6735432.99,18.6,1,1,1,0.870247417,1,1,1,2,2
6729009.43,18.6,1,2,1,0.870818038,1,1,1,2,1
6693163.62,38.4,1,1,1,0.871951348,1,1,1,1,2
6690894.21,18.6,1,2,1,0.873428571,1,1,1,2,2
6687456.49,27.3,1,2,1,0.875356885,1,1,1,2,1
6664552.18,26.0,1,2,1,0.87676116,1,1,1,2,1
6643965.9,27.3,1,2,1,0.894905447,1,1,1,1,0
6634682.34,23.6,2,2,1,0.895037806,1,1,2,1,1
6628164.4,33.5,2,1,1,0.904908692,1,1,2,2,0
6623273.8,28.5,2,1,1,0.908873931,1,1,2,1,2
6619488.59,31.0,1,1,1,0.917558734,1,1,1,1,0
6596743.01,27.3,1,2,1,0.927891161,1,1,2,2,1
6585526.09,17.4,1,2,1,0.951261087,1,1,1,2,1
6581732.3,26.0,1,2,1,0.956524923,1,1,1,2,1
6532842.03,29.8,1,2,1,0.961060393,1,1,1,2,0
6512736.23,29.8,2,1,1,0.962304342,1,1,2,1,2
6509717.5,33.5,1,1,1,0.971109514,1,1,1,1,2
6506500,18.6,1,1,1,0.979769848,1,1,1,2,2
6506500,33.5,1,1,1,0.973140339,1,1,1,1,2
6504842.63,38.4,1,1,1,0.988724478,1,1,1,1,2
6460601.29,29.8,1,1,1,0.990870108,1,1,1,2,1
6453815.94,36.0,1,1,1,0.993241698,1,1,1,1,2
6427473.91,27.3,2,1,1,0.999162917,1,1,2,1,2
6402476.08,19.8,2,1,1,1.006664962,1,1,2,1,2
6373744.52,29.8,1,1,1,1.012624259,1,1,1,2,1
6369521.73,24.8,1,2,1,1.013134056,1,1,1,2,1
6358256.19,37.2,1,1,1,1.016170734,1,1,1,1,1
6357129.35,26.0,2,2,1,1.020897766,1,1,2,1,1
6337672.77,32.2,1,1,1,1.034175869,1,1,1,1,0
6337479.72,31.0,1,1,1,1.053106302,1,1,2,1,2
6337381.05,24.8,1,2,1,1.073933526,1,1,1,2,0
6322105.79,33.5,2,1,1,1.094962563,1,1,2,2,1
6322105.79,22.3,2,2,1,1.085643801,1,1,2,1,1
6322105.79,37.2,1,1,1,1.078698152,1,1,1,1,0
6322105.79,31.0,1,1,1,1.076392079,1,1,1,1,0
6322105.79,28.5,1,1,1,1.074685377,1,1,1,2,1
6266995.02,24.8,1,2,1,1.098943609,1,1,1,1,0
6257005.04,40.9,2,1,1,1.106737704,1,1,2,1,2
6245606.51,32.2,1,1,1,1.107040481,1,1,1,2,2
6243078.27,19.8,2,1,1,1.114705224,1,1,0,1,2
6195948.33,29.8,2,1,1,1.116052278,1,1,2,1,2
6192158.83,26.0,2,1,1,1.126860832,1,1,2,2,1
6166523.22,26.0,1,2,1,1.126899773,1,1,1,2,0
6164052.18,24.8,1,2,1,1.128017265,1,1,1,1,0
6157953.23,29.8,1,1,1,1.132743709,1,1,1,2,2
6157095.23,29.8,1,1,1,1.140669682,1,1,1,1,2
6144003.58,27.3,1,1,1,1.155823368,1,1,1,1,2
6111852.89,27.3,1,2,1,1.165022886,1,1,1,2,2
6111368.12,28.5,2,1,1,1.173382922,1,1,0,1,2
6094361.13,27.3,2,1,1,1.176080345,1,1,2,2,2
6091442.5,38.4,2,1,1,1.200383009,1,1,2,1,2
6083696.19,32.2,1,1,1,1.20136094,1,1,1,2,2
6081970.18,28.5,1,1,1,1.201876342,1,1,1,1,2
6077444.23,26.0,1,1,1,1.202700893,1,1,1,2,0
6076042.83,27.3,1,1,1,1.207276978,1,1,1,2,2
6074323.97,26.0,1,2,1,1.216557702,1,1,1,1,1
6053415.94,31.0,1,1,1,1.228633544,1,1,1,2,2
6052566.52,26.0,2,1,1,1.237204394,1,1,2,2,2
6006000,37.2,2,1,1,1.244763824,1,1,2,1,2
5992828.27,24.8,1,2,1,1.251854464,1,1,1,2,0
5989760.92,26.0,2,2,1,1.269342613,1,1,2,1,1
5976998.17,27.3,1,1,1,1.270627721,1,1,1,2,0
5959041.66,27.3,1,1,1,1.281430698,1,1,2,2,2
5953315.94,24.8,2,2,1,1.285919866,1,1,2,1,1
5946503.42,28.5,1,1,1,1.301045029,1,1,1,2,0
5940280.06,24.8,2,1,1,1.306890968,1,1,2,2,1
5926973.91,27.3,1,1,1,1.322877952,1,1,1,2,2
5903629.16,27.3,1,1,1,1.323314871,1,1,1,1,2
5900631.88,26.0,1,1,1,1.333450917,1,1,1,1,2
5882296.42,38.1,2,1,1,1.355992362,0,1,2,1,1
5877152.71,28.5,1,1,1,1.357759601,1,1,1,2,0
5859146.15,27.3,1,1,1,1.35790919,1,1,1,2,2
5855632.64,32.2,1,1,1,1.359617771,1,1,1,1,0
5813317.51,26.0,1,1,1,1.360347,1,1,1,2,1
5810320.23,18.6,1,2,1,1.404607805,1,1,1,1,0
5807209.98,24.8,1,2,1,1.40593834,1,1,1,1,1
5795263.76,24.8,2,1,1,1.412676132,1,1,2,2,1
5795263.76,27.3,1,1,1,1.411639461,1,1,1,2,0
5762538.21,37.2,2,1,1,1.417512534,0,1,2,1,1
5757391.64,39.1,1,0,1,1.436227602,0,0,1,0,2
5748253.94,24.8,2,1,1,1.436623635,1,1,2,2,2
5747152.84,26.0,1,2,1,1.44035787,1,1,1,2,2
5713336.2,28.5,2,1,1,1.440608192,1,1,1,1,2
5689894.21,24.8,2,1,1,1.456774327,1,1,2,2,1
5689894.21,24.8,1,2,1,1.442285091,1,1,1,1,2
5670280.33,27.3,1,2,1,1.457353504,1,1,1,1,2
5668924.69,32.2,1,1,1,1.457726759,1,1,1,1,0
5665199.54,22.3,1,1,1,1.458195894,1,1,1,1,1
5663552.18,24.8,1,2,1,1.466842895,1,1,1,2,2
5657604.81,32.2,2,1,1,1.47168293,1,1,2,2,1
5650155.94,31.0,1,1,1,1.483835048,1,1,1,2,1
5646839.77,24.8,1,2,1,1.493005106,1,1,1,1,2
5642253.76,22.3,1,1,1,1.504232827,1,1,1,1,1
5637210.15,27.3,1,1,1,1.504294077,1,1,1,2,2
5636761.13,18.6,1,2,1,0.273197852,1,1,1,1,0
5631197,39.7,2,1,1,0.298993882,1,1,2,1,2
5629734.11,31.0,1,1,1,1.50613401,1,1,1,2,1
5619120.65,26.0,1,1,1,1.518610681,1,1,1,2,1
5616919.88,27.3,2,1,1,1.52973554,1,1,2,2,0
5610868.12,17.4,1,2,1,1.535583555,1,1,1,1,0
5601734.71,26.0,2,1,1,1.539481103,1,1,2,2,2
5601410.1,26.0,1,1,1,1.544518957,1,1,1,2,0
5584526.09,31.0,1,1,1,1.556430187,1,1,1,1,0
5584526.09,31.0,1,1,1,1.554489229,1,1,1,2,1
5584526.09,26.0,1,1,1,1.546970404,1,1,1,2,0
5550400.57,37.2,1,1,1,1.56443782,1,1,1,0,1
5535840.31,24.8,1,1,1,1.5667296,1,1,1,2,0
5531842.03,24.8,2,1,1,1.583204398,1,1,2,2,1
5531842.03,21.1,1,1,1,1.58120778,1,1,1,1,1
5531842.03,24.8,1,1,1,1.572722062,1,1,0,2,0
5531842.03,24.8,1,1,1,1.572392555,1,1,1,2,2
5526744.08,26.0,1,1,1,1.58957549,1,1,1,2,2
5526573.91,36.2,2,1,1,1.59304369,0,1,2,1,1
5511125.62,27.3,2,1,1,1.59829832,1,1,2,2,2
5500043.12,32.2,2,1,1,1.610382252,1,1,2,2,1
5497939.59,42.0,2,0,1,1.617409189,0,0,0,0,2
5493153.38,26.0,2,1,1,1.622838341,1,1,2,1,2
5477443.4,38.4,2,1,1,1.626602179,1,1,2,1,2
5475259.79,43.9,1,0,1,1.626817349,0,1,1,1,2
5467796.62,38.4,1,1,1,1.628792169,1,1,1,0,1
5462582.84,26.0,1,1,1,1.629254704,1,1,1,1,1
5452815.94,37.2,2,1,1,1.640695158,1,1,2,1,2
5444557.69,22.3,1,1,1,1.649471393,1,1,1,1,0
5436491.06,26.0,1,1,1,0.299881678,1,1,1,1,1
5426473.91,32.2,2,1,1,1.663380664,1,1,2,2,2
5426473.91,24.8,1,2,1,1.659892691,1,1,1,1,1
5412289.74,17.4,1,2,1,1.664760816,1,1,1,1,1
5412110.99,28.5,1,1,1,1.666252056,1,1,1,2,0
5404614.93,34.3,1,1,1,1.669320933,0,1,1,1,2
5395555.88,32.2,1,1,1,1.670398403,1,1,1,1,0
5393686.87,28.5,2,1,1,1.670600701,1,1,2,2,2
5387622.24,17.4,1,1,1,1.670634943,1,1,1,1,2
5373789.85,24.8,1,1,1,1.671191979,1,1,1,1,1
5371737.8,26.0,1,1,1,1.673349373,1,1,1,1,2
5367254.75,27.3,1,1,1,1.67842989,1,1,1,1,1
5337103.2,39.7,1,1,1,1.678818034,1,1,1,1,2
5326116.51,36.0,2,1,1,1.682809577,1,0,2,1,2
5321105.79,26.0,2,1,1,1.696846933,1,1,2,1,2
5321105.79,37.2,1,1,1,1.687748296,1,1,0,0,1
5303342.33,36.2,1,0,1,1.701395702,0,0,1,0,2
5294763.76,26.0,2,1,1,1.705098888,1,1,2,2,2
5294167.45,26.0,2,1,1,1.71397424,1,1,0,2,0
5285301.45,24.8,1,1,1,1.716345504,1,1,1,1,1
5276608.48,32.2,1,1,1,1.72579325,1,1,1,1,0
5275740.47,38.4,1,1,1,1.728310833,1,1,1,1,2
5268421.73,35.3,1,0,1,1.730925841,0,0,1,0,2
5265086.97,27.3,1,1,1,1.733768844,1,1,1,1,2
5262807.55,28.5,1,1,1,1.745401076,1,1,1,1,2
5247462.22,33.5,1,1,1,1.745882276,1,1,1,1,0
5245144.19,42.9,1,0,1,1.750695468,0,1,1,1,2
5236168.08,17.4,1,1,1,1.768986809,1,1,1,1,2
5232261.32,27.3,1,1,1,1.770280544,1,1,1,2,2
5221672.17,17.4,1,2,1,1.772527443,1,1,1,1,1
5215736.24,42.0,1,0,1,1.784331069,0,1,1,1,2
5215736.24,37.2,1,1,1,1.778043776,1,1,1,1,2
5210511.02,21.1,1,1,1,1.786537636,1,1,1,1,0
5204517.89,24.8,2,1,1,1.788546348,1,1,2,2,1
5191632.16,28.5,1,1,1,1.796114667,1,1,1,2,2
5189394.21,32.2,1,1,1,1.800149069,1,1,1,1,0
5182976.37,24.8,1,1,1,1.800831591,1,1,1,1,2
5176100.93,23.6,1,1,1,1.805434258,1,1,1,1,0
5175448.85,29.8,1,1,1,1.81265129,1,1,0,1,2
5171366.2,17.4,2,2,1,1.813167488,1,1,2,1,1
5170868.56,22.3,1,1,1,1.813702297,1,1,1,2,1
5163052.18,24.8,1,1,1,1.818690312,1,1,1,1,2
5157210.63,24.8,1,1,1,1.834835834,1,1,1,1,1
5152378.66,18.6,1,1,1,1.838540004,1,1,1,1,1
5143002.15,28.5,1,1,1,1.84199195,1,1,1,1,2
5132940.67,34.7,1,1,1,1.842451582,1,1,1,0,2
5127546.71,27.3,1,1,1,1.844961118,1,1,1,1,2
5126821.7,39.1,2,0,1,1.866997906,0,0,2,0,2
5126432.74,17.4,1,1,1,1.873157545,1,1,1,1,1
5110368.12,38.1,2,0,1,1.878421382,0,0,2,0,1
5110368.12,16.1,1,1,1,1.873682241,1,1,1,1,2
5086794.57,19.8,2,2,1,1.881765425,1,1,2,1,1
5084026.09,24.8,2,1,1,1.884518716,1,1,2,2,0
5078637.85,16.1,1,2,1,1.884887854,1,1,1,2,1
5077671.17,27.3,2,1,1,1.885034249,1,1,2,1,0
5073478.41,28.5,1,1,1,1.893127142,1,1,1,1,0
5070418.21,22.3,1,1,1,1.89395301,1,1,1,1,1
5061866.81,34.3,1,1,1,1.904921766,0,1,1,1,2
5057905.71,28.5,1,1,1,1.906930606,1,1,1,1,2
5057684.06,21.1,1,1,1,1.90752438,1,1,1,1,0
5044733.98,24.8,1,1,1,1.909452833,1,1,1,1,2
5044069.03,13.6,2,1,1,1.912027093,1,1,2,1,1
5035966.65,26.0,1,1,1,1.917350253,1,1,1,1,1
5033351.18,24.8,1,1,1,1.918605801,1,1,1,2,2
5033268.24,28.5,1,1,1,1.921216918,1,1,1,1,2
5031342.03,27.3,1,1,1,1.929844894,1,1,1,2,2
5014103.38,17.4,1,2,1,1.934076984,1,1,1,2,1
5013714.42,17.4,1,1,1,1.936754036,1,1,1,2,1
5005000,17.4,2,2,1,1.950218556,1,1,2,1,1
5005000,16.1,1,1,1,1.95203928,1,1,1,1,2
5005000,27.3,1,1,1,1.948464753,1,1,1,1,2
5005000,26.0,1,1,1,1.94467281,1,1,1,1,2
5005000,24.8,1,1,1,1.943440885,1,1,1,2,2
5005000,23.6,1,1,1,1.93818494,1,1,1,1,2
5003356.93,26.0,1,1,1,1.956230272,1,1,1,2,1
4999987.85,36.0,2,1,1,1.956887542,1,0,2,1,2
4995346.07,28.5,1,1,1,1.957074617,1,1,1,2,0
4994099.11,33.4,1,0,1,1.957822946,1,0,1,0,2
4989194.21,24.8,1,1,1,1.959837064,1,1,1,1,1
4981525.12,31.0,1,1,1,1.971059156,1,1,1,1,0
4978885.34,36.0,1,1,0,1.972899825,1,0,1,0,1
4978657.97,33.4,1,1,1,1.988013188,0,1,1,1,1
4978657.97,16.1,1,2,1,1.9861853,1,1,1,1,2
4977246.56,34.7,1,1,1,1.995117785,1,1,1,0,2
4973148.18,16.1,1,2,1,2.006376992,1,1,1,2,1
4969832.01,19.8,1,1,1,2.00801315,1,1,0,2,2
4968197.52,28.5,1,1,1,2.012916728,1,1,1,2,0
4960286.76,27.3,1,1,1,2.014590525,1,1,1,2,2
4952315.94,24.8,1,1,1,2.016743945,1,1,1,1,1
4942426.06,37.2,1,1,1,2.018058081,1,1,1,1,2
4940971.75,17.4,1,1,1,2.018880088,1,1,1,2,1
4940639.99,31.0,2,1,1,2.020837525,1,1,2,0,2
4931492.28,26.0,1,1,1,2.025743789,0,1,1,2,1
4909709.09,21.1,1,1,1,2.036232344,1,1,1,2,1
4899631.88,16.1,1,2,1,2.041768794,1,1,1,2,1
4899631.88,34.7,1,1,1,2.040337627,1,1,0,0,0
4899631.88,27.3,1,1,1,2.036704113,1,1,1,2,2
4878926.91,29.8,1,1,1,2.043536819,1,1,1,1,1
4873289.85,16.1,1,1,1,2.050478903,1,1,1,2,1
4873289.85,31.0,1,1,1,2.047007818,1,1,1,1,0
4864799.94,22.3,2,1,1,2.066539392,1,1,2,1,1
4861578.15,23.6,2,1,1,2.069254458,1,1,2,1,1
4856711.86,17.4,1,2,1,2.084763606,1,1,1,2,1
4849327.34,28.5,1,1,0,2.085224933,1,1,1,2,2
4847597.04,19.8,1,1,1,2.087467621,1,1,1,1,0
4846947.82,36.0,2,1,1,2.097377931,1,0,2,1,1
4846947.82,21.1,1,1,1,2.093085684,1,1,1,2,2
4831142.03,28.5,1,1,1,2.097450675,1,1,1,1,2
4829152.9,21.1,1,1,1,2.105515992,1,1,1,2,2
4823146.9,24.8,2,1,1,2.107025866,1,1,2,2,1
4822015.77,23.6,1,1,1,2.113580857,1,1,1,1,0
4820773.1,23.6,1,1,1,2.132107954,1,1,1,1,2
4820605.79,19.8,1,1,1,2.137306172,1,1,1,2,2
4813720.34,23.6,1,1,1,2.138070611,1,1,1,1,1
4811385.15,27.3,1,1,1,2.142235585,1,1,1,2,0
4810301.21,28.5,2,1,1,2.143855389,1,1,2,1,1
4809729.21,28.5,1,1,1,2.150828395,1,1,1,1,1
4804057.83,29.8,1,1,0,2.150834295,1,1,1,1,0
4798367.86,36.0,1,1,1,2.151546208,1,1,1,1,0
4792173.1,27.3,1,1,1,2.159968279,1,1,1,2,2
4791102.03,36.0,1,1,1,2.161745446,1,1,0,1,0
4787211,29.8,1,1,1,2.165162484,1,1,1,0,1
4784473.98,22.3,1,1,0,2.165910308,1,1,1,2,1
4775665.18,29.8,2,1,1,2.168547067,1,1,1,1,1
4766960.77,26.0,2,1,1,2.169766748,1,1,2,1,0
4764004.96,31.0,1,1,1,2.170540774,1,1,1,0,2
4761702.66,29.8,1,1,1,2.170898434,1,1,1,1,1
4755695.23,13.6,2,1,1,2.176872017,1,1,1,1,1
4748496.61,19.8,1,2,0,2.178773507,1,1,1,1,0
4742873.85,38.4,1,1,1,2.18112349,1,1,1,1,2
4741578.27,24.8,2,1,1,2.2285272,1,1,2,2,1
4741578.27,17.4,1,2,1,2.222131419,1,1,1,2,1
4741578.27,37.2,1,1,1,2.198728173,1,1,1,1,1
4741578.27,29.8,1,1,1,2.192085325,1,1,1,1,1
4741578.27,26.0,1,1,1,2.1912749,1,1,1,2,2
4740224.06,39.7,1,0,1,2.237715306,1,0,1,0,2
4736310.15,27.3,1,1,1,2.250385383,1,1,1,2,0
4731186.46,18.6,1,1,1,2.259495982,1,1,1,1,0
4716473.19,27.3,1,1,1,2.26011237,1,1,1,2,0
4715236.24,24.8,2,1,1,2.262715418,1,1,2,1,0
4711412.42,27.3,1,1,1,2.267505097,1,1,1,1,0
4693853.45,23.6,1,1,1,2.270786584,1,1,1,1,2
4688894.21,27.3,1,1,1,2.278652168,1,1,1,1,0
4688894.21,22.3,1,1,1,2.277979817,1,1,1,1,0
4683973.58,31.0,2,1,1,2.281712991,1,1,2,0,2
4678894.22,27.3,1,1,0,2.282439199,1,1,1,1,2
4677431.33,26.0,1,1,1,2.287830067,1,1,1,2,0
4671082.13,28.5,1,1,1,2.289003879,1,1,1,1,1
4669187.38,31.0,1,1,0,2.291914833,1,1,1,1,0
4662552.18,26.0,1,1,1,2.296737005,1,1,0,2,1
4662552.18,22.3,1,1,1,2.296390041,1,1,1,1,2
4662552.18,22.3,1,1,1,2.295017101,1,1,1,1,2
4660563.05,51.5,1,1,0,2.297097084,1,1,1,0,1
4654717.21,27.3,1,1,1,2.300701745,1,1,1,2,0
4654690.04,18.6,3,2,1,0.306668513,1,1,2,2,2
4650933.43,28.5,1,1,1,2.301530042,1,1,1,2,0
4649702.2,22.3,1,1,1,2.304311988,1,1,1,2,0
4643032.68,27.3,2,1,1,2.31014096,1,1,2,1,1
4638881.39,29.8,1,1,0,2.310152475,1,1,1,1,0
4636210.15,22.3,2,1,1,2.321035691,1,1,2,1,0
4636210.15,18.6,1,1,1,2.310597415,1,1,1,1,1
4632672.33,31.0,1,1,1,2.321220776,1,1,1,0,1
4629609.27,19.8,3,2,1,2.321767526,1,1,0,2,2
4626493.3,27.3,2,1,0,2.323005665,1,1,2,1,1
4622730.97,24.8,1,1,1,2.32334836,1,1,0,2,0
4613683.36,21.1,2,1,0,2.325917184,1,1,2,2,1
4609868.12,26.0,1,1,1,2.328182943,1,1,1,2,0
4606825.08,39.1,1,0,1,2.32985089,1,1,1,1,1
4598918.61,21.1,2,1,1,2.331111099,1,1,1,1,0
4596697.82,13.6,2,1,1,2.336480113,1,1,2,1,1
4594592.86,37.2,1,0,1,2.336547473,1,1,1,1,1
4586200.19,16.1,2,2,0,2.336901982,1,1,2,1,2
4585419.41,53.4,1,1,0,2.338083009,1,1,1,0,1
4583947.94,33.5,1,1,0,2.340609816,1,0,1,0,1
4583526.09,27.3,2,1,1,2.350820099,1,1,2,1,1
4583526.09,34.7,1,1,1,2.35064369,1,1,1,1,1
4583526.09,27.3,1,1,1,2.348833699,1,1,1,1,0
4579882.45,18.6,2,1,1,2.357999333,1,1,1,1,1
4578257.97,17.4,3,2,1,2.365357045,1,1,1,2,2
4578257.97,39.7,1,0,1,2.364518946,1,0,1,0,2
4576001.43,28.5,1,1,1,2.367045846,1,1,1,0,2
4575101.96,28.5,1,1,1,2.371818433,1,1,1,2,2
4567505.8,21.1,1,2,0,2.375570472,1,1,1,1,0
4564243.97,27.3,1,1,1,2.377070322,1,1,1,2,2
4561269.57,31.0,1,1,1,2.383202455,1,1,1,0,1
4556210.23,27.3,1,1,0,2.384188609,1,1,0,1,2
4555929.95,27.3,1,1,1,2.38547476,1,1,1,2,0
4550307.19,21.1,1,2,0,2.393306441,1,1,1,1,0
4550066.95,22.3,1,1,0,2.394114038,1,1,1,2,1
4546388.99,24.8,1,1,1,2.395068033,0,1,1,2,0
4546287.46,28.5,1,1,0,2.402757854,1,1,1,1,0
4544604.35,26.0,2,1,0,2.404439446,1,1,2,1,1
4542264.87,16.1,1,2,0,2.410132335,1,1,1,2,1
4530842.03,33.5,1,1,0,2.414546278,1,0,1,0,2
4530842.03,28.5,1,1,0,2.413816103,1,1,1,1,0
4530842.03,28.5,1,1,1,2.412803241,1,1,1,0,1
4524858.91,24.8,2,1,0,2.416702133,1,1,0,1,1
4521528.44,16.1,2,2,0,2.418882323,1,1,2,1,2
4513111.46,29.8,1,1,1,2.434312758,1,1,1,0,1
4510551.76,23.6,2,1,0,2.444454143,1,1,2,2,0
4508639.85,22.3,2,1,0,2.445668985,1,1,2,2,0
4507109.75,27.3,1,1,0,2.482691572,0,1,1,2,2
4503217.29,27.3,1,1,0,2.499234255,1,1,1,1,2
4494806.03,21.1,1,1,0,2.511115331,1,1,1,1,2
4478157.97,29.8,2,1,1,2.516843759,1,1,0,0,2
4478157.97,26.0,2,1,0,2.513706005,1,1,2,1,1
4478157.97,14.9,2,2,0,2.513574391,1,1,2,1,2
4478157.97,29.8,1,1,1,2.513284114,1,1,1,0,2
4478157.97,28.5,1,1,1,2.512884103,1,1,0,0,2
4478157.97,27.3,1,1,0,2.511657208,1,1,1,2,1
4478157.97,27.3,1,1,1,2.511188846,1,1,1,2,1
4478157.97,26.0,1,1,0,0.308456736,1,1,1,1,2
4474959.06,23.6,1,1,0,2.518905393,1,1,1,2,1
4472889.85,49.6,1,1,0,2.521500396,1,1,1,0,1
4464973.37,23.6,1,1,0,2.52265882,1,1,1,1,2
4462662.49,23.6,1,1,1,2.527275205,1,1,1,2,0
4459665.21,23.6,1,1,0,2.530030185,1,1,1,1,2
4446813.8,21.1,1,2,0,2.545156554,1,1,1,1,0
4440493.2,26.0,1,1,0,2.547521265,1,1,1,1,2
4425473.91,29.8,1,1,0,2.550604626,1,1,1,1,0
4425473.91,27.3,1,1,1,2.54859772,1,1,0,2,0
4422000.44,33.5,1,1,1,2.550621095,1,0,1,1,1
4420205.79,36.2,1,0,1,2.561345552,1,1,1,1,2
4420205.79,22.3,1,1,0,2.55593741,1,1,1,1,1
4419161.89,34.3,2,0,1,2.565978555,1,0,1,0,1
4414936.24,19.8,1,2,0,2.566850898,1,1,1,1,0
4412934.24,28.5,1,1,0,2.573435037,1,1,1,0,1
4403145.89,32.2,1,1,0,2.577306345,1,1,1,0,1
4402170.63,21.1,1,1,0,2.591758395,1,1,1,2,1
4400460.35,31.0,1,1,1,2.59817124,1,1,1,1,1
4395342.38,24.8,2,1,0,2.599413481,1,1,0,2,2
4392523.85,27.3,2,1,1,2.602994619,1,1,1,0,1
4391199.67,22.3,1,1,0,2.607325221,1,1,1,2,1
4387192.81,35.3,1,0,1,2.607496969,0,0,1,0,1
4384501.55,23.6,1,1,0,2.612628188,1,1,1,2,1
4379332.1,29.8,1,1,0,2.619880134,1,1,1,0,1
4373197.4,26.0,2,1,0,2.620334588,1,1,2,1,1
4372789.85,23.6,2,1,0,2.6310001,1,1,1,1,0
4372789.85,19.8,1,2,0,2.622400697,1,1,1,1,1
4372789.85,21.1,1,1,0,0.339617575,1,1,1,2,1
4368396.89,21.1,2,1,1,2.63250617,1,1,1,1,0
4367521.73,28.5,1,1,0,2.640704584,1,1,1,0,1
4366068.85,19.8,2,1,1,2.643124437,1,1,1,2,2
4353118.77,21.1,1,1,1,2.64553285,1,1,1,2,0
4348326.84,16.1,1,2,0,2.646632357,1,1,1,2,1
4346533.62,21.1,1,1,0,2.647019634,1,1,1,1,2
4346447.82,24.8,1,1,1,2.658828221,1,1,0,2,0
4344614.56,28.5,2,1,1,2.663521048,1,1,0,1,1
4332222.18,18.6,2,1,1,2.674858759,1,1,1,1,1
4330713.53,12.4,2,2,0,2.677870787,1,1,1,1,2
4330324.57,19.8,2,1,0,2.679112249,1,1,2,2,1
4320866.55,28.5,2,1,1,2.679318969,1,1,2,1,1
4320105.79,22.3,2,1,0,2.701913459,1,1,2,2,1
4320105.79,18.6,2,1,0,2.69444953,1,1,2,2,1
4320105.79,26.0,1,1,0,2.693670683,1,1,1,1,0
4320105.79,23.6,1,1,1,2.686606759,1,1,1,2,0
4320105.79,21.1,1,1,0,2.680503705,1,1,1,2,2
4314075.48,19.8,2,1,1,2.703901309,1,1,1,2,2
4312699.82,13.6,1,1,0,2.714035481,1,1,1,1,1
4306516.5,14.9,1,1,1,2.714443458,1,1,1,1,2
4300995.27,34.3,1,0,1,2.719527451,0,0,1,0,1
4296693.83,16.1,1,1,1,2.732141147,1,1,1,2,0
4288026.6,28.5,1,1,0,2.734033267,1,1,1,0,1
4256402.15,13.6,1,1,1,2.737715521,1,1,1,1,2
4255345.38,26.0,1,1,1,2.742513559,1,1,1,2,1
4254404.44,37.2,1,0,1,2.743371892,0,0,0,1,2
4254250,27.3,2,1,1,2.744754032,1,1,2,1,1
4250925.25,23.6,2,1,1,2.752129815,1,1,1,1,0
4248853.18,23.6,2,1,0,2.755858557,1,1,1,2,2
4239639.69,27.3,2,1,0,2.768106829,1,1,1,0,2
4225452.66,13.6,1,1,1,2.768410691,1,1,1,2,1
4225078,28.5,2,1,1,2.771641591,1,1,1,1,1
4224716.21,24.8,1,1,0,2.773007013,1,1,1,1,2
4222456.81,36.2,2,0,1,2.773570284,1,0,1,0,1
4220231.73,27.3,1,1,0,2.785023229,1,1,1,0,1
4219684.04,26.0,1,1,1,2.788896069,1,1,1,2,1
4215848.78,14.9,1,1,1,2.795637098,1,1,0,2,1
4214736.24,33.4,2,0,1,2.814823313,1,0,1,0,2
4214736.24,27.3,2,1,1,2.814353412,1,1,1,1,0
4214736.24,33.4,1,0,1,2.813084364,0,0,1,0,2
4214736.24,19.8,2,1,1,2.810517787,1,1,1,1,0
4214736.24,19.8,2,1,1,2.808889569,1,1,1,2,1
4214736.24,26.0,1,1,0,2.805595998,1,1,1,0,1
4214736.24,22.3,1,1,0,2.804414182,1,1,1,2,1
4214736.24,21.1,1,1,1,2.804204004,1,1,0,2,1
4214736.24,21.1,1,1,0,2.797101515,1,1,1,1,1
4213384.89,29.8,1,1,1,2.81649363,1,1,1,1,2
4209030.54,28.5,1,1,0,2.82290772,1,1,1,0,0
4197162.97,33.5,1,1,1,2.82373373,1,0,1,1,1
4194576.1,19.8,2,1,1,2.827928381,1,1,1,2,1
4192063.59,24.8,1,1,0,2.828430852,1,1,1,1,2
4188394.21,22.3,2,1,0,2.837164011,1,1,1,2,1
4188394.21,18.6,2,1,1,2.835286921,1,1,1,1,2
4187875.12,32.2,1,1,0,2.846479184,1,0,1,1,0
4187710.67,27.3,2,1,1,2.854371462,1,1,1,0,1
4187647.75,26.0,1,1,1,2.862043527,1,1,1,1,1
4186478.01,27.3,1,1,1,2.862471358,1,1,1,1,1
4164184.31,13.6,1,1,0,2.873226981,1,1,1,1,0
4164184.31,28.5,1,1,1,2.871637133,1,1,1,1,1
4162052.18,13.6,1,1,1,2.888175841,1,1,1,2,1
4162052.18,24.8,1,1,0,2.885407917,1,1,1,1,1
4162052.18,14.9,1,2,0,2.874505723,1,1,1,2,2
4156784.06,28.5,1,1,1,2.889180953,1,1,1,1,1
4156523.8,35.3,1,1,0,2.896164594,0,0,1,1,1
4141444.45,12.4,2,2,0,2.904391256,1,1,1,1,2
4135710.15,11.2,2,2,0,2.912623089,1,1,1,1,0
4135710.15,33.5,1,1,1,2.904436215,1,0,1,1,1
4131287.16,33.4,1,0,1,2.915678839,1,0,1,0,1
4128797.53,23.6,1,1,1,2.91606375,1,1,1,1,1
4125364.1,28.5,1,1,0,2.920596789,1,1,1,0,1
4117090.12,26.0,2,1,0,2.923690827,1,1,0,0,2
4113904.08,18.6,2,1,1,2.928237832,1,1,1,2,1
4109368.12,27.3,2,1,1,2.941388564,1,1,1,0,2
4109368.12,26.0,2,1,0,2.938086689,1,1,1,0,1
4109368.12,13.6,1,1,1,2.931227746,1,1,1,1,2
4109368.12,24.8,1,1,1,2.92927371,1,1,1,2,1
4105681.58,13.6,1,1,0,2.943050273,1,1,0,1,1
4104860.76,36.0,1,0,1,2.950501581,1,0,1,1,0
4100901.09,26.0,1,1,1,2.953846156,1,1,1,1,1
4096403.74,28.5,1,1,1,2.959986775,1,1,1,1,2
4094388.87,36.0,1,0,1,2.961281076,0,0,1,1,2
4092983.18,32.4,2,0,1,2.971536881,0,1,1,1,1
4090912.54,19.8,2,2,0,2.97186312,1,1,1,2,2
4084643.42,13.6,1,1,0,2.980195063,1,1,1,1,2
4083026.09,28.5,1,1,0,2.981824434,1,1,1,0,1
4067022.96,28.5,1,1,0,2.989229678,1,1,1,0,0
4066409.49,26.0,1,1,1,2.994819416,1,1,1,1,1
4057308.97,27.3,2,1,1,2.995340374,1,1,1,1,0
4056684.06,27.3,1,1,1,2.997288594,1,1,1,1,2
4054790.74,36.0,1,0,1,2.999694335,1,0,1,1,0
4051415.94,27.3,1,1,0,3.000581625,1,1,1,0,0
4049672.77,19.8,1,1,0,3.003254555,1,1,1,2,1
4049558.37,21.1,1,1,0,3.007168876,1,1,1,2,1
4048927.74,13.6,1,1,0,3.009498254,1,1,1,2,1
4044336.01,31.0,1,1,0,3.015393634,1,1,1,0,2
4040209.03,27.3,2,1,1,3.023409571,1,1,1,1,1
4032993.25,31.0,1,1,0,3.024194708,1,0,1,0,1
4032266.81,26.0,1,1,1,3.040846674,1,1,1,1,1
4031907.88,31.0,1,1,0,3.044871305,1,0,1,0,1
4011049.9,33.5,1,1,0,3.047342051,1,0,0,1,0
4009379.66,23.6,1,1,1,3.04752366,1,1,1,0,0
4008710.42,12.4,1,1,0,3.053080288,1,1,0,1,1
4004000,32.2,1,1,0,3.055111994,1,0,1,1,0
3996405.27,22.3,2,1,1,3.058626164,1,1,1,1,0
3994191.63,16.1,1,1,1,3.059821322,1,1,1,2,0
3993027.61,17.4,2,2,0,3.061990617,1,1,1,2,2
3991514.67,32.4,2,0,1,3.086280019,0,1,1,1,1
3987902.49,22.3,1,1,1,3.088951962,1,1,1,1,1
3980373.54,36.2,1,1,1,3.091795948,1,1,1,0,2
3979123.72,12.4,1,1,0,3.092149299,1,1,1,1,0
3977657.97,18.6,1,1,0,0.430241522,1,1,1,2,1
3976014.9,34.3,1,0,1,3.10705672,1,0,1,0,1
3965724.62,16.1,1,2,1,3.108276437,1,1,1,1,1
3962469.94,26.0,1,1,1,3.111487127,1,1,1,0,0
3959840.17,27.3,1,1,1,3.113362965,1,1,1,1,1
3958250.01,22.3,1,1,1,3.116918843,1,1,1,1,1
3957788.12,21.1,1,1,0,3.129065506,1,1,1,2,1
3955788.98,34.7,1,1,0,3.131548597,0,1,0,1,1
3951315.94,40.9,2,0,1,3.194285879,0,1,1,1,0
3951315.94,27.3,2,1,1,3.189700702,1,1,1,1,2
3951315.94,22.3,2,1,1,3.186343782,1,1,1,1,0
3951315.94,32.4,1,0,1,3.186152166,1,0,1,0,1
3951315.94,17.4,2,2,0,3.156790462,1,1,1,2,1
3951315.94,34.7,1,0,1,3.14041035,0,0,1,1,0
3951315.94,34.7,1,0,1,3.139161121,1,0,1,1,2
3951315.94,16.1,1,1,1,3.138447547,1,1,1,2,1
3951315.94,22.3,1,1,1,3.138047456,1,1,1,1,1
3946047.82,24.8,1,1,1,3.194300867,1,1,1,1,1
3941363.14,14.9,1,1,0,3.195064156,1,1,1,1,1
3935510.15,29.8,1,1,0,3.196079971,1,0,1,0,1
3930615.26,27.3,1,1,1,3.196630962,1,0,1,0,0
3930113.33,32.2,1,1,0,3.196723913,1,1,0,0,2
3926641.29,33.5,1,0,1,3.19861379,0,0,1,0,1
3924973.91,18.6,2,1,1,3.200152352,1,1,1,2,1
3924973.91,13.6,1,1,0,3.199945572,1,1,1,1,1
3924973.91,29.8,1,1,0,3.198745506,1,1,1,0,2
3920212.01,14.9,1,1,0,3.203500856,1,1,1,1,1
3918015.53,35.3,1,1,0,3.203943402,0,0,1,1,1
3914933.88,21.1,2,1,1,3.208769613,1,1,1,1,1
3913332.28,17.4,1,1,1,3.211564632,1,1,0,2,1
3910310.69,11.2,1,1,0,3.213915509,1,1,1,1,1
3909867.39,19.8,1,1,0,3.215771779,1,1,1,1,1
3906506.89,31.0,2,1,0,3.215935409,0,1,1,0,2
3899617.15,18.6,1,1,1,3.217106994,1,1,1,1,0
3897572.25,24.8,1,1,1,3.217714428,1,1,1,1,1
3892269.81,22.3,1,1,1,3.221984622,1,1,1,2,1
3891281.68,24.8,2,1,1,3.224205787,1,1,1,1,1
3889552.81,19.8,1,1,0,3.229786137,1,1,1,2,1
3889281.11,18.6,2,1,0,3.233788049,1,1,1,2,1
3885651.77,31.0,1,1,0,3.236187145,1,0,1,0,0
3873671.23,14.9,1,2,1,3.240949656,1,1,1,1,1
3873230.79,34.7,1,1,0,3.245908026,0,1,1,1,1
3872289.85,33.5,1,1,0,3.253822466,0,1,1,1,1
3872289.85,13.6,1,1,0,3.250235252,1,1,1,1,1
3866724.29,27.3,1,1,1,3.257455582,1,1,1,1,2
3865328.61,26.0,1,1,0,3.257490686,1,1,1,0,1
3863315.17,12.4,1,1,0,3.263783551,1,1,1,1,2
3856648.51,36.2,1,1,1,3.268713346,1,1,1,0,2
3845947.82,36.2,1,1,1,3.309565004,1,1,1,0,2
3845947.82,12.4,1,1,0,3.295088322,1,1,1,1,0
3845947.82,12.4,1,1,0,3.28068171,1,1,1,1,1
3845947.82,24.8,1,1,1,3.276721004,1,1,0,1,2
3845064.08,21.1,1,1,0,3.318308835,1,1,1,2,1
3844454.9,16.1,1,1,0,3.320476962,1,1,1,1,2
3840914.22,19.8,1,1,1,3.321819585,1,1,1,1,1
3840372.25,29.8,1,1,1,3.32849271,1,1,1,1,2
3836775.8,17.4,1,1,1,3.332768133,1,1,1,2,1
3834856.74,24.8,1,1,0,3.352435214,1,1,1,0,0
3832422.88,26.0,1,1,0,3.365969586,1,1,1,0,1
3829930.39,13.6,2,1,1,3.368800549,1,1,1,1,1
3825340.09,13.6,1,2,1,3.370489577,1,1,1,2,1
3820656.84,34.7,2,1,0,3.370644048,0,1,1,0,2
3819605.79,23.6,1,1,1,0.448150606,1,1,1,0,0
3817981.31,21.1,1,1,1,3.374049941,1,1,1,1,1
3815285.76,19.8,1,1,1,3.382170638,1,1,1,1,1
3813692.74,12.4,1,1,0,3.38405651,1,1,1,2,1
3813133.61,18.6,1,1,0,3.385829117,1,1,1,1,1
3801779.41,33.5,1,1,0,3.395213144,0,0,0,1,1
3800776.98,14.9,2,2,1,3.408235655,1,1,1,1,1
3799244.02,18.6,1,1,0,3.412906677,1,1,1,1,2
3794911.12,31.0,1,1,0,3.41361278,1,0,1,1,2
3793941.58,32.2,1,1,0,3.418630638,0,0,1,1,1
3793263.76,31.0,2,1,0,3.44477791,0,1,1,0,1
3793263.76,34.3,1,1,0,3.440297736,0,0,1,1,0
3793263.76,27.3,1,1,1,3.424881202,1,1,1,1,2
3793263.76,14.9,1,2,1,3.421051355,1,1,1,1,1
3791696.48,36.0,2,0,0,3.44739362,1,0,1,0,1
3791683.61,18.6,1,1,1,3.452397414,1,1,1,2,1
3791103.03,36.0,1,0,1,3.455297775,0,0,1,0,1
3789890.39,22.3,2,1,1,3.458688297,1,1,1,1,1
3787994.21,19.8,1,1,0,3.466901254,1,1,1,2,1
3782298.52,18.6,2,1,0,3.466969203,1,1,1,2,1
3781740.82,28.5,1,1,1,3.467050205,1,1,0,0,1
3779495.72,21.1,2,1,1,3.473276884,1,1,1,1,1
3777413.64,16.1,1,2,1,3.482493364,1,1,1,1,1
3776635.72,12.4,1,2,1,3.483658631,1,1,1,2,1
3773704.22,27.3,1,1,1,3.485668701,1,0,1,0,2
3766921.73,33.5,1,0,1,3.48764703,0,0,1,0,1
3755600.42,17.4,1,1,0,3.491308529,1,1,1,1,2
3752863.4,29.8,1,1,0,3.497291101,1,0,1,0,0
3748301.7,16.1,1,2,1,3.499816666,1,1,1,2,1
3748195.88,16.1,1,2,1,3.51287441,1,1,1,2,2
3743985.96,18.6,1,1,1,0.564260225,1,1,1,2,0
3743476.88,17.4,1,1,0,3.518285471,1,1,1,1,1
3742299.99,44.8,1,0,1,0.579123728,0,1,1,0,2
3740578.27,18.6,2,1,0,3.521333304,1,1,1,2,0
3740578.27,32.2,1,1,0,3.520198461,0,0,1,1,1
3739425.69,33.4,2,0,1,3.529193276,1,0,1,1,1
3738170.15,18.6,1,1,1,3.535118244,1,1,1,1,1
3737488.04,26.0,1,1,1,3.543455548,1,1,0,1,1
3737399.38,19.8,2,1,0,3.543700409,1,1,1,2,1
3730042.03,11.2,1,1,0,3.550109288,1,1,1,1,1
3728454.73,26.0,1,1,1,0.579783216,1,0,1,0,2
3726243.95,38.4,2,0,1,3.552646311,1,1,1,1,0
3721619.33,21.1,1,1,1,3.563642246,1,1,1,2,1
3718101.53,24.8,1,1,1,3.570666501,1,1,1,1,1
3714813.96,17.4,1,1,1,3.589332385,1,1,1,2,1
3714236.24,24.8,1,1,1,3.596138775,1,1,1,1,1
3712465.9,42.9,1,0,1,3.60594014,0,1,1,0,2
3710298.02,28.5,1,1,0,3.607216809,1,0,1,1,0
3705869.31,17.4,1,1,1,3.607222225,1,1,1,1,1
3704741.04,28.5,1,1,1,3.611519632,1,0,1,0,0
3700844.29,12.4,1,1,1,3.614538838,1,1,1,1,1
3693795.82,12.4,1,2,1,3.625404816,1,1,1,2,2
3693163.76,17.4,1,1,0,3.628631318,1,1,1,1,2
3691516.4,34.7,2,0,0,0.602326112,1,0,1,0,0
3691447.76,14.9,2,1,1,3.631424785,1,1,1,1,1
3687982.87,14.9,1,2,0,3.631554724,1,1,1,2,1
3687894.21,41.0,1,0,1,3.689644941,0,1,1,0,1
3687894.21,22.3,2,1,1,3.680314244,1,1,1,1,1
3687894.21,12.4,1,1,0,3.676339154,1,1,1,2,1
3687894.21,27.3,1,1,1,3.675633587,1,0,1,0,1
3687894.21,26.0,1,1,1,3.669719286,1,1,1,1,1
3687894.21,23.6,1,1,0,3.668833047,1,1,1,0,1
3687894.21,12.4,1,2,1,3.665054334,1,1,1,2,1
3687894.21,19.8,1,1,1,3.66414205,1,1,1,1,1
3687894.21,18.6,1,1,1,3.654959658,1,1,1,1,1
3687894.21,18.6,1,1,0,3.652973563,1,1,1,1,1
3687894.21,17.4,1,1,1,3.641010335,1,1,1,2,0
3687894.21,17.4,1,1,1,3.637973216,1,1,1,2,2
3682626.09,21.1,2,1,1,3.699157094,1,1,1,1,1
3682626.09,13.6,2,1,1,3.694213196,1,1,0,1,0
3682244.28,14.9,2,2,1,3.699950597,1,1,1,1,1
3669458.65,19.8,1,1,0,3.702543691,1,1,1,2,1
3669178.37,18.6,1,1,0,3.705481278,1,1,1,2,0
3666009.49,23.6,1,1,1,3.711523534,1,1,1,0,0
3664129.04,18.6,1,1,1,3.716197373,1,1,0,1,0
3661552.18,18.6,1,1,1,3.720006555,1,1,1,1,0
3661464.95,17.4,1,1,0,3.723002069,1,1,1,2,0
3661370.57,22.3,1,1,1,3.723009452,1,1,1,2,1
3659461.52,26.0,1,1,0,3.725651998,1,1,1,0,2
3655550.47,24.8,1,1,0,0.614181756,1,1,1,0,0
3651250.46,14.9,1,1,1,3.746149704,1,1,1,1,1
3647542.47,23.6,1,1,0,0.614227537,1,1,1,0,0
3643848.78,22.3,1,1,0,3.752741612,1,1,1,1,1
3640762.84,24.8,1,1,0,3.781879684,1,1,1,0,1
3640526.89,34.7,1,0,1,0.614770928,0,1,1,0,2
3636352.72,38.4,1,1,0,3.791793624,1,1,1,0,1
3635850.79,17.4,1,1,0,3.801210299,1,1,1,1,2
3635210.15,24.8,1,1,0,3.816303343,1,1,1,0,0
3635210.15,19.8,1,1,0,3.811596874,1,1,1,2,1
3635210.15,17.4,1,1,0,3.805913141,1,1,1,2,1
3635210.15,28.5,1,1,0,0.625401458,1,0,1,1,2
3635125.78,19.8,2,1,0,3.823273707,1,1,1,2,1
3635061.43,27.3,1,1,1,3.827004806,1,1,1,0,1
3634495.15,18.6,1,1,1,3.834274899,1,1,0,1,1
3631326.27,22.3,1,1,0,3.837225736,1,1,0,1,0
3627811.33,22.3,1,1,0,3.844640485,1,1,1,0,1
3625434.67,33.4,1,0,0,3.845195848,0,1,1,0,0
3623405.5,26.0,1,1,1,3.845455101,1,1,1,1,2
3619544.5,16.1,1,1,0,3.845558239,1,1,1,1,2
3608868.12,33.5,2,0,0,3.858914811,1,0,1,0,0
3608868.12,28.5,1,1,0,3.847186526,1,0,1,0,1
3608596.42,26.0,1,1,0,3.86013895,1,1,1,0,2
3601562.25,33.4,1,0,0,3.862650806,0,1,1,0,0
3599074.05,18.6,1,1,0,3.864753969,1,1,1,2,2
3589771.9,22.3,1,1,0,3.865225379,1,1,1,1,1
3587794.21,13.6,2,2,1,3.868609286,1,1,1,1,1
3587179.31,14.9,1,1,1,3.870223766,1,1,1,1,1
3583561.41,38.4,1,1,0,3.870737115,1,1,1,0,1
3582564.7,21.1,1,1,1,3.871190738,1,1,1,1,0
3582526.09,32.4,1,0,0,3.888626822,0,1,1,0,2
3582526.09,38.4,1,1,0,3.873728312,1,1,1,0,1
3582526.09,26.0,1,1,1,3.873322031,1,0,1,0,0
3580006.43,16.1,1,1,1,3.89321445,1,1,1,2,1
3578589.3,14.9,1,1,0,3.894522665,1,1,1,1,1
3577257.97,26.0,1,1,1,3.89456831,1,1,0,0,1
3575431.86,17.4,1,1,0,3.896382769,1,1,1,2,1
3573848.85,16.1,1,1,1,3.899532482,1,1,1,1,1
3573152.44,11.2,1,2,1,3.899639466,1,1,1,2,2
3571221.94,17.4,1,1,1,3.917131107,1,1,1,2,0
3557788.52,16.1,1,1,0,3.917746651,1,1,1,1,1
3553554.29,24.8,1,1,1,3.928442786,1,1,1,1,1
3553043.78,17.4,1,1,0,3.942495215,1,1,1,2,0
3551452.19,36.0,2,0,1,3.945466499,1,1,1,1,0
3551429.31,16.1,1,1,0,3.952059263,1,1,1,1,2
3542682,21.1,1,1,1,3.959557858,1,1,1,2,1
3542037.07,21.1,2,1,1,3.961383608,1,1,0,1,0
3539749.07,40.9,2,0,1,3.961712196,1,0,1,1,1
3531267.74,16.1,1,2,0,0.645265056,1,1,1,2,2
3529842.03,39.7,2,0,1,3.985575088,1,0,1,1,1
3529842.03,24.8,1,1,0,3.984990508,1,1,1,0,1
3529842.03,22.3,1,1,0,3.983156343,1,1,1,0,1
3529842.03,21.1,1,1,1,3.980537962,1,1,1,2,1
3529842.03,17.4,1,1,1,3.979607561,1,1,1,1,2
3529842.03,14.9,1,1,1,3.972986176,1,1,1,1,1
3528607.94,14.9,1,2,0,3.988832496,1,1,1,2,1
3527240.86,22.3,2,1,1,4.01093527,1,1,1,1,2
3525371.85,33.5,1,0,1,4.011300363,0,0,1,0,0
3524453.79,14.9,1,2,0,4.012082656,1,1,1,1,1
3520944.57,12.4,1,1,1,4.014106453,1,1,1,1,1
3512945.15,14.9,1,2,1,4.016495197,1,1,1,2,1
3503500,14.9,1,1,0,4.018675626,1,1,1,1,2
3496926.29,16.1,1,1,0,4.020953059,1,1,1,1,1
3495667.89,17.4,1,1,0,4.022873912,1,1,1,2,2
3493976.2,16.1,1,2,1,4.022971567,1,1,1,1,1
3493793.16,27.3,2,1,1,4.031453457,0,0,1,1,1
3486595.97,18.6,2,1,1,4.034461058,1,1,1,2,2
3480212.45,34.3,1,1,0,0.658408761,0,1,1,0,1
3479757.71,14.9,1,1,0,4.042714278,1,1,1,1,1
3477993.09,19.8,1,1,1,4.047927498,1,1,1,2,1
3477157.97,23.6,1,1,1,4.085185846,1,1,1,1,1
3477157.97,12.4,1,1,1,4.082356728,1,1,0,1,1
3477157.97,21.1,1,1,1,4.072662886,1,1,1,2,0
3477157.97,17.4,1,1,1,4.067748142,1,1,1,2,1
3477157.97,16.1,1,1,1,4.05829381,1,1,1,1,1
3476799.04,28.5,1,1,0,4.088974756,0,1,1,0,0
3472360.32,17.4,1,1,1,4.094666744,1,1,1,2,1
3471889.85,18.6,2,1,0,4.09487156,1,1,1,2,1
3470678.64,14.9,1,2,0,4.105863574,1,1,1,2,2
3465002.97,27.3,1,1,1,4.107351244,1,1,1,1,2
3458200.46,28.5,1,0,0,4.115192425,1,1,1,0,1
3452457.58,13.6,1,2,0,4.125903395,1,1,1,2,2
3451671.08,8.7,1,1,0,4.127002024,1,1,1,2,0
3451146.27,14.9,1,2,0,4.1282705,1,1,1,1,1
3450815.94,16.1,1,1,0,4.140507483,1,1,1,1,1
3450815.94,16.1,1,1,0,4.137734811,1,1,1,1,2
3450354.05,18.6,2,1,1,4.141235528,1,1,1,1,1
3448138.98,21.1,2,1,1,4.157764332,1,1,1,0,1
3445606.45,23.6,1,1,1,4.166101643,1,1,1,0,0
3445340.47,17.4,1,1,0,4.174681444,1,1,1,1,1
3440418.41,16.1,2,2,1,4.174959404,1,1,1,2,2
3432155.87,8.7,2,2,1,4.17630382,1,1,1,2,1
3424722.73,18.6,1,1,0,4.182082968,1,1,1,2,1
3424473.91,34.7,2,0,1,4.226973411,1,1,1,1,2
3424473.91,11.2,1,2,1,4.21204155,1,1,1,2,1
3424473.91,22.3,1,1,1,4.211173071,1,1,1,0,2
3424473.91,22.3,1,1,0,4.203631229,1,1,1,1,0
3424473.91,16.1,1,2,1,4.199935295,1,1,1,1,0
3424473.91,14.9,1,2,0,4.197056793,1,1,1,2,0
3424473.91,14.9,1,1,0,4.193866968,1,1,1,1,0
3424473.195,14.9,3,1,1,8.645231973,1,1,1,1,0
3424473.195,31.0,1,0,0,8.58782128,1,1,1,1,0
3424473.195,24.8,1,0,0,8.555864794,0,1,1,1,0
3424473.195,8.7,1,2,1,8.478425162,1,1,1,2,1
3424473.195,14.9,1,1,0,8.471059331,1,0,1,2,0
3424473.195,14.9,1,1,0,8.470107953,1,0,1,2,0
3424473.195,14.9,1,1,0,8.451806267,1,1,1,1,2
3424473.195,12.4,1,1,0,8.428073989,0,1,1,2,1
3424473.195,12.4,1,1,0,8.408261443,1,0,0,1,1
3424473.195,31.0,1,1,1,8.625622069,1,0,0,1,1
3424473.195,24.8,1,1,0,8.507548417,0,0,0,1,0
3424028.894,13.6,1,1,0,8.655503485,1,1,0,2,2
3422308.89,32.4,1,1,0,4.251789489,0,1,1,0,1
3422284.58,12.4,1,1,0,4.253969906,1,1,1,2,2
3419989.43,17.4,1,1,1,4.258053007,1,1,1,1,2
3419596.18,21.1,2,1,1,4.260054614,1,1,1,1,2
3419205.79,21.1,2,1,1,4.285843195,1,1,1,1,1
3419205.79,17.4,1,1,0,4.278473242,1,1,0,1,2
3416892.05,13.6,1,2,0,4.294481303,1,1,1,2,2
3407870.18,19.8,1,1,1,4.296024266,1,1,0,0,1
3406641.667,11.2,1,1,1,8.786354636,1,1,0,2,0
3405472.07,14.9,1,2,1,4.299535124,1,1,1,2,0
3403747.49,17.4,1,1,0,4.305846252,1,1,1,2,1
3403572.458,13.6,1,1,1,8.805727686,1,1,0,2,0
3402107.566,8.7,1,1,0,8.812740434,1,1,2,2,2
3401496.67,24.8,1,1,0,4.308892465,1,1,1,0,0
3401009.04,14.9,1,1,1,4.314221426,1,1,1,2,2
3399761.508,7.4,1,1,1,8.865745462,1,1,1,2,0
3398131.88,40.9,1,1,0,4.349104759,0,1,1,0,1
3398131.88,14.9,1,2,0,4.336167772,1,1,1,1,1
3398131.88,14.9,1,2,1,4.331346331,1,1,1,2,2
3398131.88,14.9,1,2,1,0.708686601,1,1,1,2,1
3397471.22,18.6,1,1,0,4.354056643,1,1,1,2,2
3396761.082,8.7,1,1,1,8.876578278,1,1,1,2,2
3396524.56,18.6,1,1,1,4.354064073,1,1,1,2,1
3396247.14,17.4,1,1,0,4.356335886,1,1,1,2,1
3395952.56,36.0,1,0,1,4.374085667,0,1,1,0,2
3394273.74,21.1,1,1,0,4.379662117,1,1,1,2,0
3390228.556,8.7,1,1,0,8.878041589,1,1,1,2,2
3390228.556,22.3,1,1,1,8.87685723,0,0,1,0,0
3386081.127,21.1,1,1,0,8.908056603,1,1,0,0,1
3384776.109,21.1,2,1,0,8.914129464,1,0,0,0,1
3377604.23,12.4,1,2,0,0.713886687,1,1,1,2,0
3376806.576,17.4,1,1,1,8.918156128,1,1,1,0,1
3372883.8,19.8,1,1,0,4.389581057,1,1,1,2,2
3371789.85,18.6,2,1,1,4.434355899,1,1,1,1,2
3371789.85,34.7,1,0,1,4.427975649,0,1,1,0,1
3371789.85,24.8,1,1,0,4.422859512,1,1,1,0,1
3371789.85,16.1,1,1,0,4.39677973,1,1,1,2,0
3371789.85,16.1,1,1,0,4.396144961,1,1,1,2,2
3370826.03,21.1,1,1,0,4.434820766,1,1,1,1,1
3367600.808,17.4,1,1,0,8.924262621,1,1,1,0,0
3366521.73,26.0,1,1,1,4.467267404,1,1,1,1,2
3366521.73,13.6,1,2,0,4.449342639,1,1,1,2,1
3366521.73,14.9,1,2,0,4.449022483,1,1,1,2,2
3363650.433,19.8,2,1,0,8.927144225,1,0,1,0,0
3361732.66,14.9,1,1,0,4.469047666,1,1,1,2,0
3358962.035,13.6,2,1,0,8.935558698,1,1,0,1,0
3358164.81,14.9,1,1,1,4.469624314,1,1,1,1,1
3356661.88,14.9,1,1,1,4.473547666,1,1,1,1,1
3355983.917,8.7,1,1,1,9.10494855,1,1,1,2,0
3355983.917,16.1,1,1,1,9.078551012,1,1,1,1,0
3355983.917,13.6,1,1,0,8.979546714,1,1,1,2,0
3355983.917,16.1,1,1,1,9.093946389,1,1,0,1,2
3352860.94,13.6,1,2,0,4.488238141,1,1,1,2,1
3350959.04,8.7,1,1,0,9.114153091,1,1,1,2,2
3350365.59,16.1,1,1,1,4.505477482,1,1,1,2,1
3349883.68,29.8,1,1,0,4.507178205,0,1,1,1,0
3349135.361,16.1,1,1,0,9.116020533,1,1,1,0,0
3348417.787,14.9,1,1,0,9.1340614,1,1,0,1,0
3348209.15,9.9,1,2,1,4.5120594,1,1,1,2,0
3347979.063,16.1,1,1,1,9.134481921,1,1,1,1,0
3347819.189,16.1,2,1,1,9.136289776,1,1,0,0,1
3346071.729,19.8,1,1,1,9.150816968,1,1,1,1,0
3345447.82,16.1,1,1,1,4.514163001,1,1,1,2,1
3345097.47,8.7,2,2,1,4.520843268,1,1,1,2,1
3343188.42,14.9,2,2,1,4.520954204,1,1,1,2,2
3339294.53,17.4,1,1,0,4.523747907,1,1,1,2,1
3338669.191,26.0,1,1,0,9.167582571,0,1,1,0,2
3335745.27,14.9,1,1,1,4.537586781,1,1,1,1,1
3335173.27,18.6,2,1,1,4.540120718,1,1,1,2,2
3333690.789,18.6,1,1,0,9.265334021,1,1,0,0,1
3324993.1,21.1,1,1,1,4.541318595,1,1,0,1,1
3322982.52,21.1,1,1,0,4.542530951,1,1,1,2,0
3322808.06,17.4,1,1,0,4.54704689,1,1,1,2,1
3321739.278,14.9,1,1,1,9.28929398,1,1,0,1,0
3321739.278,14.9,1,1,0,9.28778085,0,1,0,1,2
3319105.79,19.8,1,1,0,4.556446488,1,1,1,1,1
3319105.79,16.1,1,1,0,4.549198892,1,1,1,2,1
3318655.34,21.1,1,1,1,4.570129032,1,1,1,1,0
3318156.27,27.3,2,1,1,4.572443913,0,0,1,1,1
3317102.932,28.5,1,1,0,9.318187954,1,1,1,1,1
3315683.8,18.6,1,1,1,4.581424425,1,1,1,2,2
3315229.06,8.7,1,2,1,9.348843202,1,1,0,2,2
3313836.24,12.4,1,2,0,4.607367358,1,1,1,2,1
3313836.24,19.8,1,1,0,4.600457632,1,1,1,2,0
3313836.24,19.8,1,1,1,0.821610665,1,1,1,1,1
3313647.48,22.3,2,1,1,4.608548177,1,1,1,0,1
3312579.27,11.2,2,2,0,4.624090262,1,1,0,2,1
3312256.09,27.3,1,1,0,4.634670396,0,1,1,0,0
3312007.27,22.3,1,1,0,4.648775224,1,1,1,0,0
3311918.61,19.8,1,1,1,4.657949389,1,1,1,2,2
3311774.18,21.1,2,1,1,4.671812385,1,1,1,2,0
3309431.84,34.7,1,0,0,4.677806211,0,1,1,0,1
3307775.9,27.3,1,1,1,4.694897537,1,0,0,1,2
3307458.44,17.4,1,1,1,4.705119362,1,1,1,1,1
3306757.74,14.9,1,2,1,4.705335521,1,1,1,2,1
3306417.4,17.4,1,1,0,4.706418816,1,1,1,2,0
3305911.752,17.4,1,1,0,9.355063108,1,1,1,1,0
3302156,14.9,2,1,0,4.709332998,1,1,1,2,1
3300211.2,18.6,1,1,0,4.712105003,1,1,1,2,0
3298306.44,18.6,1,1,0,4.715243725,1,1,1,2,0
3298031.88,21.1,2,1,1,4.719763293,1,1,1,0,1
3297362.211,13.6,2,1,0,9.359079712,1,1,0,1,0
3297192.47,26.0,1,1,1,4.723405995,1,0,1,0,1
3296899.32,17.4,1,1,1,4.727969478,1,1,1,1,2
3294658.51,26.0,1,1,1,0.84080573,1,0,1,1,0
3292763.76,16.1,1,1,0,4.729422892,1,1,1,2,0
3291312.31,18.6,1,1,0,4.736643053,1,1,1,2,1
3290552.98,34.7,1,0,0,4.739376712,0,1,1,0,1
3287494.639,19.8,1,1,1,9.508773349,1,0,1,1,0
3287494.639,17.4,1,1,1,9.472800266,1,1,0,0,0
3287494.639,14.9,1,1,1,9.443090463,1,1,1,1,0
3287494.639,21.1,2,1,0,9.602066661,1,0,0,0,1
3287494.639,14.9,2,1,1,9.557844339,1,1,0,2,2
3287494.639,13.6,1,1,0,9.411353683,1,1,0,2,0
3286067.07,36.2,1,0,0,4.739939722,0,0,1,1,1
3285010.3,13.6,1,2,1,4.740551287,1,1,1,1,0
3284419.71,21.1,1,1,0,4.749920623,1,1,1,0,0
3283421.57,14.9,1,1,0,4.750701394,1,1,1,1,1
3280646.083,11.2,1,2,1,9.602926507,1,1,1,2,2
3277522.82,18.6,2,1,1,4.754641295,1,1,0,2,1
3277065.649,13.6,1,1,0,9.60619608,1,1,1,1,0
3274396.125,24.8,1,1,0,9.615918667,0,0,1,0,0
3271911.5,9.9,1,2,1,4.755100824,1,1,1,2,0
3270434.31,17.4,1,1,1,4.762283047,1,1,1,2,0
3267178.2,33.5,1,0,1,4.762678642,0,0,1,0,2
3266421.73,7.4,2,2,1,4.808638009,1,1,1,2,1
3266421.73,27.3,2,1,1,4.80719074,0,0,1,1,2
3266421.73,14.9,2,2,1,4.799828648,1,1,1,2,1
3266421.73,18.6,1,1,0,4.782112374,1,1,1,2,2
3266421.73,17.4,1,1,1,4.771169414,1,1,1,2,1
3265155.036,14.9,2,1,0,9.626016215,1,1,0,2,1
3262350.52,17.4,1,1,0,4.816237627,1,1,1,2,1
3260398.57,33.4,1,0,0,4.826999596,0,0,1,1,1
3260098.556,8.7,1,1,0,9.657723274,1,1,1,2,2
3259234.55,24.8,1,1,0,0.862290635,1,1,1,0,1
3251860.04,18.6,1,1,1,4.831745752,1,1,0,1,1
3250615.94,16.1,1,1,1,4.850567097,1,1,1,1,2
3250227.266,13.6,1,1,0,9.719069693,1,1,0,2,2
3250109.72,24.8,2,1,1,4.851488729,1,0,1,0,0
3243028.36,19.8,2,1,1,4.855182416,1,1,1,2,1
3241579.77,18.6,1,1,1,4.86974335,1,1,1,1,2
3240528.72,24.8,1,1,0,4.884482241,1,1,1,0,1
3240078.27,33.4,1,0,0,4.901971609,0,0,1,1,1
3240078.27,18.6,1,1,1,4.886808714,1,1,1,2,1
3237964.73,26.0,1,1,1,4.902907945,1,1,1,1,1
3237058.11,28.5,1,1,1,4.905878802,1,0,1,1,2
3230768.97,24.8,1,1,1,4.913457994,1,0,1,1,0
3229826.6,19.8,1,1,1,9.807300983,1,0,1,0,1
3228203.55,18.6,1,1,0,4.929122232,1,1,1,1,2
3226945.15,19.8,1,1,1,9.838809602,1,0,1,0,0
3226231.58,28.5,1,0,0,4.961056384,1,1,1,0,1
3225239.16,19.8,1,1,0,4.964200157,0,1,1,1,1
3220663.16,9.9,2,1,1,4.966983966,1,1,1,1,0
3219061.56,11.2,2,2,0,4.971719999,1,1,1,1,1
3219005.79,13.6,1,1,1,4.972807401,1,1,1,1,1
3219005.361,9.9,1,1,1,9.909351028,1,1,1,1,1
3219005.361,16.1,2,1,1,10.20973495,1,1,2,0,1
3219005.361,14.9,2,1,0,10.07367567,1,1,1,2,0
3219005.361,16.1,1,1,0,10.03549821,1,1,0,0,0
3216809.882,18.6,1,1,1,10.21223394,1,1,1,1,0
3215456.53,21.1,1,1,0,4.9861566,1,1,0,0,0
3215318.964,18.6,1,1,0,10.21343398,1,1,0,1,0
3213736.24,8.7,1,2,1,5.042330955,1,1,1,2,2
3213736.24,32.2,1,0,1,5.032736751,0,0,1,0,2
3213736.24,26.0,1,1,0,5.01680398,0,1,1,0,2
3213736.24,26.0,1,1,1,4.999136262,1,0,1,1,0
3213736.24,18.6,1,1,1,4.997148864,1,1,1,2,2
3213736.24,18.6,2,1,1,5.04849236,1,1,0,2,0
3213608.97,19.8,1,1,1,5.08833071,1,1,1,1,2
3212472.12,22.3,1,1,0,0.925132945,1,1,1,0,0
3211888.68,29.8,1,1,0,0.938150086,0,1,0,1,2
3211589.81,17.4,1,1,0,0.945632571,1,0,1,2,1
3210518.74,11.2,1,1,0,0.94743915,1,1,1,2,2
3208472.41,23.6,1,1,0,5.107699292,1,0,1,0,1
3208457.395,36.0,1,1,1,10.33328278,0,0,0,1,0
3208369.45,12.4,2,2,0,0.959112797,0,1,1,1,0
3208305.1,29.8,1,0,1,5.114627583,0,1,1,0,1
3207761.7,21.1,1,1,0,5.118999447,1,1,1,0,0
3207618.986,14.9,1,1,1,10.35369982,1,1,1,1,1
3200515.89,18.6,1,1,0,5.122890357,1,1,0,1,1
3199253.486,12.4,1,1,0,10.40237896,1,1,1,1,0
3194927.45,17.4,2,1,0,5.13125136,1,1,1,1,0
3193033.272,17.4,1,1,1,10.41501993,1,1,1,0,1
3192715.24,23.6,1,1,0,5.131740651,1,0,1,0,1
3191100.77,13.6,2,2,1,5.143079107,0,1,1,2,2
3190252.78,8.7,1,1,0,0.967254652,1,1,1,2,0
3188751.28,17.4,2,1,1,5.194405613,1,1,1,2,1
3188649.75,11.2,2,2,0,0.968485427,1,1,1,2,1
3188199.3,9.9,1,2,1,5.196695878,1,1,1,2,1
3188033.42,24.8,1,1,1,5.197410483,1,0,1,0,1
3187394.21,27.3,1,0,0,5.207948883,1,1,1,0,2
3187394.21,11.2,1,1,0,5.203153301,1,1,1,2,1
3186299.974,11.2,1,1,0,10.44896364,1,1,2,2,0
3186257.36,27.3,1,1,1,5.210768399,1,0,1,1,1
3184760.722,18.6,1,1,0,10.51342665,1,1,0,0,0
3184058.02,13.6,1,1,0,10.52856944,1,1,1,2,0
3183604.424,19.8,1,1,1,10.57826913,1,0,1,0,0
3182630.308,11.2,1,1,0,10.60539755,1,0,0,2,0
3182587.98,14.9,1,1,0,0.974016279,1,1,1,2,0
3179051.733,13.6,1,1,1,10.65187386,1,1,0,1,1
3177591.56,9.9,1,2,1,0.97830036,1,1,1,2,1
3176879.42,16.1,1,1,1,5.219976297,1,1,1,1,2
3176833.66,17.4,1,1,0,5.230040052,1,1,1,2,0
3174021.279,14.9,1,1,1,10.66462202,1,1,0,2,1
3170178.44,16.1,1,1,1,5.231411205,1,1,1,2,1
3169124.53,24.8,2,1,0,5.234436426,1,0,0,1,0
3166684.95,17.4,1,1,0,5.237709289,1,1,1,2,1
3166443.28,26.0,2,1,0,5.24203939,1,0,1,1,2
3165177.73,23.6,1,1,0,5.250533792,1,1,1,0,0
3164860.27,14.9,1,2,1,0.983790225,1,1,1,2,1
3164459.87,14.9,1,1,0,5.251894953,1,1,1,1,1
3163871.139,13.6,1,1,1,10.66937917,1,1,0,1,1
3162090.36,12.4,1,2,1,5.263450271,1,1,1,1,0
3161052.18,16.1,2,1,1,5.369715856,1,1,1,2,2
3161052.18,8.7,1,1,0,5.36851254,1,1,1,2,1
3161052.18,9.9,1,2,1,5.366821558,1,1,1,2,1
3161052.18,28.5,1,1,0,5.355456411,0,1,1,1,1
3161052.18,24.8,1,1,1,5.350675056,1,0,1,1,0
3161052.18,23.6,1,1,0,5.335424692,1,1,1,0,1
3161052.18,11.2,2,2,0,5.332933933,1,1,1,1,0
3161052.18,11.2,2,2,0,5.332112403,1,1,0,2,1
3161052.18,21.1,1,1,0,5.302096933,1,1,1,0,1
3161052.18,18.6,1,1,1,5.30098412,1,0,0,1,0
3161052.18,18.6,1,1,1,5.29606894,0,1,1,1,0
3161052.18,18.6,1,1,0,5.294324495,1,1,1,2,1
3161052.18,12.4,1,2,1,5.294284719,1,1,1,1,0
3161052.18,17.4,1,1,0,5.28749571,1,1,1,2,0
3161052.18,14.9,1,1,0,5.273686561,1,1,1,2,1
3161052.18,14.9,1,1,0,5.272143766,1,1,1,1,1
3161052.18,22.3,1,1,0,0.993703974,1,1,1,0,2
3159513.5,14.9,1,1,1,5.37435744,1,1,1,2,1
3155784.06,14.9,1,2,1,5.37503672,1,1,1,2,1
3155784.06,34.7,1,0,0,1.012551591,0,0,1,0,0
3154169.018,13.6,1,1,1,10.79298265,1,1,1,1,0
3151282.42,14.9,1,1,1,5.385492875,1,1,1,2,2
3150658.94,12.4,2,2,0,5.389751299,1,1,1,1,1
3150544.54,21.1,1,1,1,5.405943514,1,1,1,0,1
3150516.083,18.6,1,1,1,10.81140885,1,1,1,1,0
3150516.083,17.4,1,1,0,10.79741214,1,1,0,1,2
3143857.145,14.9,1,1,0,10.85338127,1,1,1,2,2
3140706.14,14.9,1,1,0,10.89821194,1,1,1,1,0
3139736.6,18.6,1,1,1,5.413941313,1,1,0,1,2
3135631.07,18.6,1,1,1,5.445836095,1,1,1,1,1
3134710.15,19.8,1,1,1,5.488925411,1,1,1,0,1
3134710.15,17.4,1,1,0,5.484761879,1,1,1,2,1
3134710.15,16.1,1,1,0,5.459403213,1,0,1,2,1
3125322.2,27.3,1,0,1,5.519029464,0,1,1,0,0
3121142.31,28.5,2,1,1,1.05722912,0,1,1,0,2
3119236.549,17.4,1,1,1,10.93150726,1,1,1,0,0
3115778.809,34.7,1,1,1,10.94897659,0,0,0,1,0
3115449.766,22.3,1,1,0,11.07928199,1,0,0,0,0
3112274.594,38.4,1,0,0,11.18389624,1,1,0,1,1
3111888.78,14.9,1,1,0,5.524738899,1,1,0,2,2
3108368.12,24.8,1,1,1,5.528113638,1,0,1,0,1
3108368.12,18.6,2,1,1,1.058819231,0,1,1,2,1
3107338.52,24.8,1,1,0,1.066535584,1,1,1,1,0
3106597.78,13.6,1,1,0,5.533058339,1,1,1,2,1
3103100,24.8,1,1,1,5.550257498,1,0,1,1,1
3102952.71,11.2,2,1,1,5.556772138,1,1,1,1,2
3098410.172,17.4,1,1,1,11.20761021,1,1,1,1,0
3097444.35,17.4,1,1,0,1.073197866,1,1,1,2,1
3093416.898,9.9,1,1,1,11.25681035,1,1,1,1,1
3091351.549,9.9,1,1,1,11.3237378,1,1,1,1,1
3091288.2,17.4,1,1,0,5.560284374,0,1,1,1,1
3086400.46,23.6,1,1,0,5.564441325,1,0,0,0,1
3084783.13,21.1,1,1,1,5.567605666,1,1,1,1,1
3084660.15,14.9,1,1,1,5.573501039,1,1,1,2,2
3084312.66,17.4,1,1,1,5.573856691,1,1,1,2,0
3082026.805,28.5,1,1,0,11.39130689,1,1,1,1,0
3082026.805,7.4,1,1,1,11.37459438,1,1,1,2,1
3082026.805,16.1,1,1,1,11.33306383,1,1,1,0,1
3082026.805,14.9,1,1,0,11.32528641,1,1,1,2,1
3082026.805,37.2,1,0,0,11.41512422,1,1,2,1,0
3082026.09,23.6,1,1,0,5.601051907,1,0,1,0,0
3082026.09,16.1,1,1,0,5.574028754,1,1,1,2,1
3082026.09,14.9,1,1,1,1.074220841,1,1,1,1,1
3078991.63,17.4,1,1,1,5.609770773,1,1,0,2,0
3078405.473,16.1,1,1,0,11.70458429,1,1,0,0,0
3077783.28,17.4,1,1,0,5.610192275,1,1,1,1,2
3076437.65,14.9,1,1,0,5.614136611,1,1,0,2,2
3074217.146,13.6,1,1,1,11.71084476,1,1,0,1,1
3072848.922,33.5,1,1,0,11.75490213,0,1,0,1,0
3072649.58,18.6,1,1,1,5.630577557,0,1,1,1,2
3071645.72,13.6,2,2,0,5.637064244,1,0,1,1,1
3070663.31,8.7,2,1,1,5.652624642,1,1,1,1,0
3063371.74,12.4,1,1,0,11.79105388,1,1,0,1,0
3059180.41,13.6,1,2,1,5.654232328,1,1,1,2,1
3058894.41,19.8,1,1,0,5.669524672,1,1,1,1,1
3057029.69,34.7,1,1,1,5.677854658,1,0,1,1,1
3056639.3,13.6,1,1,1,1.087905979,1,1,1,1,2
3055684.06,24.8,2,1,0,5.73927919,1,0,1,1,1
3055684.06,21.1,1,1,0,5.721384549,1,1,1,0,2
3055684.06,17.4,1,1,1,5.69235663,1,1,1,1,1
3055684.06,12.4,2,2,0,1.092886023,1,1,1,1,0
3055684.06,17.4,1,1,1,1.089290747,0,1,1,1,0
3052017.54,36.0,1,1,0,5.755292498,0,1,1,0,2
3051548.5,9.9,1,1,1,11.855261,1,1,1,1,1
3051522.76,17.4,2,1,0,5.759347799,0,1,0,1,0
3051359.74,16.1,1,1,0,5.76307784,1,1,1,2,2
3047782.166,16.1,1,1,1,11.94585902,1,1,1,1,0
3047782.166,14.9,1,1,0,11.91573962,1,0,1,1,0
3044490.02,22.3,1,1,0,5.778839533,1,0,1,0,1
3040026.418,19.8,2,1,1,12.13000579,1,0,1,1,0
3039051.73,34.7,1,1,1,5.786830055,1,0,1,1,0
3038717.11,9.9,1,1,1,1.102644155,1,0,1,1,1
3037442.98,16.1,1,1,1,5.789456002,1,1,0,2,0
3036324.72,12.4,1,1,0,1.108319742,1,1,0,2,1
3032793.049,16.1,1,1,1,12.23579109,1,1,0,0,0
3032675.932,16.1,2,1,0,12.26224598,1,1,0,0,1
3030892.15,14.9,2,1,0,5.789511435,1,1,1,2,1
3029342.03,22.3,1,1,0,5.794034572,1,0,1,0,2
3029342.03,14.9,1,1,1,1.116716705,1,1,1,2,1
3029342.03,14.9,1,1,0,1.115248488,1,1,1,2,1
3023602.153,12.4,1,1,1,12.29303038,1,1,1,2,0
3018344.901,11.2,1,1,1,12.37079278,1,1,1,2,2
3017915.472,16.1,1,1,1,12.40401393,1,1,1,0,0
3016984.113,12.4,1,1,1,12.41124336,1,1,0,1,1
3016171.73,18.6,1,1,0,5.811654664,1,1,1,1,1
3016171.73,14.9,2,1,0,1.124908256,1,1,1,2,1
3015990.12,16.1,1,1,1,5.81691782,1,0,1,1,1
3013856.56,17.4,1,1,1,5.833494821,1,1,1,2,1
3005971.54,13.6,2,2,1,5.841949002,1,1,1,2,2
3004142.57,18.6,1,1,0,5.845130422,1,1,1,1,1
3004092.52,33.5,1,1,0,5.853961828,1,0,1,1,2
3003000,17.4,2,1,0,5.911604456,1,1,1,1,2
3003000,27.3,1,0,1,5.898212565,0,1,1,0,0
3003000,18.6,1,1,0,5.88003275,1,1,1,1,0
3003000,17.4,1,1,1,5.879077789,1,1,1,2,1
3003000,16.1,1,1,0,1.126545145,0,1,1,1,0
2998462.61,16.1,1,1,0,5.917970408,1,1,0,1,1
2997534.54,16.1,1,1,1,5.925326235,1,1,0,1,1
2993174.47,18.6,1,1,0,5.97475803,1,0,1,0,2
2990917.215,12.4,1,1,1,12.49619833,1,1,1,2,1
2988589.89,12.4,1,1,1,5.975581657,1,1,1,1,2
2987694.71,13.6,1,2,1,5.981212252,1,1,1,1,1
2986450.61,22.3,2,1,1,5.996892317,1,1,1,1,1
2985641.23,31.0,1,1,0,6.003348091,0,0,1,1,2
2980120,31.0,1,1,0,6.015656275,1,0,1,1,2
2979292.888,16.1,1,1,1,12.68236984,1,1,1,0,0
2966462.07,16.1,2,1,0,12.76694227,1,1,1,1,0
2965682.72,14.9,1,1,1,6.026904546,1,1,0,1,2
2964783.25,23.6,2,1,1,6.036057076,1,0,1,0,1
2964648.83,14.9,1,1,1,6.045854888,1,1,1,2,0
2962422.32,17.4,1,1,0,6.048665883,1,1,1,2,2
2960269.741,24.8,1,1,0,12.79872135,0,1,1,0,0
2959721.336,21.1,1,1,0,12.80511992,1,1,1,0,0
2958765.81,36.0,1,1,0,1.140691611,0,1,1,0,2
2956535.01,16.1,1,1,1,6.062073534,1,1,1,1,1
2955438.2,14.9,1,1,1,6.073878503,1,1,1,1,1
2952252.16,8.7,1,2,0,6.075129555,1,0,1,1,0
2951571.48,19.8,1,1,1,1.148528311,1,1,1,1,1
2951382.72,13.6,1,1,1,6.077925367,1,1,1,2,2
2950315.94,22.3,2,1,1,6.138868862,1,0,1,0,0
2950315.94,8.7,2,1,1,6.126600895,1,1,1,1,1
2950315.94,33.5,1,1,1,6.114694755,1,0,1,0,2
2950315.94,29.8,1,1,0,6.097896446,1,0,1,1,2
2950315.94,16.1,1,1,0,6.089695161,1,1,1,2,1
2950315.94,13.6,1,1,1,6.080440255,1,1,1,1,2
2950315.94,12.4,1,1,0,1.15409,1,1,0,2,1
2945048.249,12.4,1,1,1,12.9182932,1,1,1,2,1
2945048.249,18.6,1,1,0,12.95356251,0,1,0,0,1
2945048.249,16.1,1,1,0,12.95345693,1,1,0,1,1
2945048.249,13.6,1,1,1,12.92659796,1,1,0,1,1
2944511.57,14.9,1,1,0,6.151924558,1,1,1,2,1
2942017.65,29.8,2,1,1,6.166905119,0,1,0,0,2
2941775.98,8.7,1,2,0,6.178917564,1,1,1,1,1
2939427.92,17.4,1,1,1,6.20585479,1,1,1,2,0
2937035.959,12.4,1,1,0,13.01150847,1,1,1,2,2
2934577.36,14.9,1,1,0,6.215727011,1,0,1,1,1
2931621.55,14.9,1,1,0,6.231141969,1,1,1,1,2
2931498.57,19.8,1,1,0,6.232774405,1,1,1,0,1
2927892.11,23.6,1,1,1,6.240498098,1,1,1,0,2
2925499.005,16.1,1,1,1,13.14477104,1,1,1,1,1
2925013.52,9.9,1,1,1,6.253806052,0,1,1,1,1
2923973.91,13.6,2,2,1,6.262640884,1,1,0,2,0
2923973.91,16.1,1,1,1,6.26061594,1,1,1,1,0
2923911.419,14.9,1,1,0,13.18174477,1,1,0,0,0
2921231.17,34.7,1,1,0,6.264110866,0,1,1,0,2
2920074.3,13.6,1,2,1,6.266101053,1,1,0,1,1
2917117.06,22.3,2,1,1,6.275623167,1,1,0,1,1
2916702.36,17.4,1,1,0,6.289516847,1,1,1,1,1
2915765.71,14.9,1,1,0,1.175373402,1,1,1,2,1
2910829.35,14.9,1,1,1,6.315054607,1,0,1,1,0
2905381.05,14.9,1,1,1,6.335169937,1,1,1,2,1
2905105.06,24.8,1,0,1,6.341834376,1,0,1,0,1
2904943.47,17.4,1,1,0,1.194708317,1,1,1,1,1
2904876.26,29.8,1,1,0,6.373942643,0,0,1,1,0
2904146.96,12.4,1,1,1,6.389020794,1,1,1,1,0
2903947.618,24.8,1,1,0,13.19922361,0,1,1,0,0
2903569.24,13.6,1,1,1,1.194933811,1,0,1,2,1
2901113.93,13.6,1,2,1,6.39066926,1,1,0,2,1
2899775.45,24.8,1,1,0,6.399924187,1,1,1,1,0
2899403.65,40.9,1,1,1,6.404904178,0,0,1,1,0
2897631.88,22.3,2,1,1,6.522479329,0,1,1,1,1
2897631.88,8.7,1,1,1,6.518718754,1,1,1,1,1
2897631.88,29.8,1,1,0,6.497787232,0,0,1,1,1
2897631.88,17.4,1,1,1,6.464593683,1,1,1,2,1
2897631.88,16.1,1,1,0,6.452068319,1,1,1,1,1
2897631.88,13.6,1,2,1,6.418285252,1,1,1,1,2
2897631.88,8.7,1,2,0,6.469837726,1,1,0,1,1
2897104.639,12.4,1,1,1,13.24857806,1,1,0,1,1
2897012.69,13.6,1,1,1,6.526465586,1,1,1,2,0
2896567.388,13.6,1,1,1,13.24955932,1,1,1,1,0
2895642.75,17.4,1,1,0,6.539053352,1,1,1,1,1
2890480.45,22.3,1,1,1,6.545861289,1,1,1,0,2
2887711.97,13.6,1,1,0,6.548170946,1,0,1,1,1
2887667.64,16.1,1,1,1,1.242717009,1,1,1,2,0
2887290.12,11.2,2,1,1,6.581156973,1,1,1,1,2
2887094.21,13.6,1,1,1,6.589040706,1,1,1,2,0
2885303.707,22.3,2,0,1,13.36618441,1,0,1,0,0
2883018.71,13.6,1,1,0,6.591068394,1,1,1,2,0
2879593.86,23.6,1,1,1,6.592765256,0,0,1,0,0
2879482.32,27.3,1,0,0,6.603516224,1,1,1,2,0
2876557.112,14.9,2,1,0,13.70853669,1,1,1,1,2
2876557.112,24.8,1,1,0,13.58808375,0,1,1,0,1
2876557.112,14.9,1,1,0,13.47306134,1,1,1,1,0
2876557.112,11.2,1,1,0,13.43542892,1,1,1,2,0
2876557.112,27.3,1,1,0,13.59104403,0,0,2,1,0
2876557.112,21.1,1,1,0,13.58443197,1,0,0,0,0
2875430.558,11.2,1,1,1,13.94081053,1,1,1,2,2
2874867.71,36.0,1,1,0,6.608767312,1,1,1,0,2
2871289.85,13.6,1,2,1,6.612041399,1,1,1,2,1
2863253.25,17.4,1,1,1,6.616415779,1,1,0,1,2
2862913.911,19.8,1,1,1,13.98648415,0,0,0,1,0
2862689.83,18.6,2,1,0,1.257363311,1,1,1,0,2
2858488.49,14.9,1,1,0,1.261599639,0,1,1,1,1
2858422.71,13.6,1,1,0,1.262700732,1,0,1,1,1
2857119.98,17.4,1,1,0,6.626234056,1,1,1,1,1
2857065.64,18.6,1,1,1,6.641346087,1,1,0,1,1
2854217.08,14.9,1,1,0,6.653121782,1,1,1,2,0
2851607.33,14.9,1,1,1,6.655434448,0,1,1,1,1
2849097.68,14.9,1,1,1,6.655685489,1,0,1,0,2
2847883.61,16.1,1,1,1,6.66421367,1,1,0,2,2
2845086.53,13.6,1,1,0,6.70671301,1,1,1,1,1
2844947.82,34.7,1,1,0,6.789042638,1,0,1,0,2
2844947.82,19.8,1,1,1,6.765326317,1,1,1,1,1
2844947.82,13.6,1,1,1,6.753437616,0,1,1,2,1
2844947.82,23.6,1,1,0,1.28872472,1,1,1,1,0
2844947.82,12.4,1,1,1,1.281343723,1,1,1,1,2
2844947.82,14.9,1,1,0,6.76023467,1,1,0,2,1
2844187.06,18.6,1,1,1,6.800832384,1,1,1,1,1
2842122.14,12.4,1,1,0,6.806931446,1,1,1,1,0
2842107.84,9.9,1,1,0,6.8470501,1,1,1,1,1
2841917.65,16.1,1,1,1,6.856318646,1,1,1,1,0
2840893.77,31.0,1,1,1,6.862094336,1,0,1,1,0
2839678.27,34.7,1,1,0,6.907165492,0,1,1,0,2
2839678.27,28.5,2,1,1,1.326606073,0,1,1,0,2
2839678.27,9.9,2,1,1,1.316375569,1,1,1,1,2
2832658.686,12.4,1,1,0,14.00302245,1,1,0,1,0
2831904.79,9.9,1,1,0,6.964019106,1,1,0,0,2
2831468.64,14.9,1,1,1,6.964987028,1,1,1,1,2
2830271.73,14.9,1,1,0,6.977087689,1,1,1,2,1
2825342.52,9.9,1,1,1,6.9874836,1,1,1,2,2
2824171.35,19.8,1,1,1,6.998171276,1,1,1,0,2
2823323.36,23.6,1,1,0,7.003679088,0,0,1,0,1
2820793.69,21.1,1,1,1,7.024158201,1,1,1,1,0
2818751.65,24.8,1,1,0,7.024246969,0,0,0,1,0
2818605.79,14.9,1,1,1,7.027244367,1,0,1,1,1
2817481.81,13.6,1,1,0,7.031588036,1,1,1,1,1
2816626.67,16.1,1,1,0,7.042716376,0,1,1,2,1
2808067.834,12.4,1,1,0,14.07345199,1,1,0,1,0
2807610.52,16.1,1,1,1,7.046377442,1,1,1,1,2
2806220.56,18.6,1,1,1,7.060719395,1,1,1,1,2
2805561.33,14.9,1,1,0,7.064026281,1,1,1,2,1
2802127.9,14.9,1,1,1,7.0709163,1,1,1,1,0
2801776.12,17.4,1,1,1,7.07601963,1,1,1,1,0
2799615.39,14.9,1,1,1,1.376959219,1,1,1,1,1
2798535.74,24.8,1,1,0,1.386228804,0,0,1,0,1
2796889.667,22.3,2,0,1,14.22777012,1,0,1,0,0
2796262.04,24.8,1,0,0,7.107668278,1,1,0,0,0
2794906.114,18.6,1,1,1,14.25222587,0,0,0,1,1
2793769.55,26.0,1,0,1,7.108528619,1,0,1,0,1
2793014.51,16.1,2,1,1,7.118363913,1,1,0,2,0
2792929.997,17.4,1,1,0,14.31336138,1,0,1,1,0
2792506.86,17.4,1,1,0,7.12477806,1,1,1,0,1
2792263.76,24.8,1,0,1,7.214606566,1,0,1,0,0
2792263.76,17.4,1,1,1,7.193150551,1,1,1,1,0
2792263.76,14.9,1,1,1,7.155610085,0,1,1,1,1
2792263.76,14.9,1,1,0,7.125916741,1,1,1,1,2
2792263.76,16.1,1,1,0,1.41737242,1,1,0,1,1
2791494.849,13.6,1,1,0,14.41378859,1,1,0,0,1
2790946.444,21.1,2,0,1,14.43333791,1,0,1,0,0
2787827.042,16.1,1,1,1,14.55884372,1,0,0,0,0
2786994.21,12.4,1,1,0,7.227811292,1,1,1,1,1
2786994.21,22.3,1,1,1,1.42219934,1,1,1,0,2
2784460.25,9.9,1,2,1,1.427768965,1,1,1,2,0
2784154.23,12.4,1,1,0,7.230011589,1,1,1,1,0
2782199.42,9.9,1,1,0,7.230209479,1,1,1,1,1
2782019.24,14.9,1,1,1,7.245373983,1,1,1,2,0
2778242.61,33.5,1,0,0,7.246907168,1,1,1,1,1
2775165.25,14.9,1,1,1,7.253517076,1,1,1,1,2
2771900.56,16.1,1,1,1,7.283958947,1,1,1,2,0
2766452.26,42.9,1,1,1,7.343326612,0,0,1,0,0
2765921.73,23.6,1,1,0,7.385958541,0,0,1,0,2
2765921.73,14.9,1,1,1,7.384287218,1,1,1,2,2
2765921.73,14.9,1,1,1,7.378578902,1,1,1,2,0
2765921.73,14.9,1,1,1,7.378439074,1,1,1,1,1
2765731.54,14.9,1,1,0,7.404302947,1,1,1,1,0
2765060.87,24.8,1,1,0,7.407536876,0,0,0,1,0
2761071.17,13.6,1,1,0,7.424438635,1,1,0,2,0
2759066.31,13.6,1,2,1,1.466703504,0,1,0,2,2
2758444.26,18.6,1,1,1,1.470632805,1,1,1,0,0
2756801.19,16.1,1,1,1,7.429781347,1,0,1,1,0
2753310.56,14.9,1,1,0,7.436564513,1,1,1,2,1
2751820.5,21.1,1,1,1,7.448597839,1,1,0,0,2
2751676.07,14.9,1,1,0,7.452538586,0,1,1,2,0
2751648.9,14.9,1,1,1,7.464021802,1,1,0,2,0
2748856.11,18.6,1,1,0,7.492245568,1,1,1,0,1
2747895.15,12.4,1,2,1,7.539126322,0,0,1,2,2
2742181.156,16.1,1,1,0,14.5957245,0,1,1,1,0
2740088.78,14.9,1,1,1,1.507146965,1,1,1,2,0
2739578.27,24.8,1,0,0,7.711990319,1,1,1,0,1
2739578.27,9.9,1,1,0,7.707527839,1,1,1,1,0
2739578.27,17.4,1,1,0,7.681471297,0,1,1,0,2
2739578.27,17.4,1,1,0,7.669123824,1,1,1,0,1
2739578.27,14.9,1,1,0,7.656318636,1,1,1,2,1
2739578.27,14.9,1,1,1,7.617983964,1,0,1,1,1
2739578.27,12.4,1,2,1,7.561925005,1,1,1,2,1
2739578.27,12.4,1,1,0,1.525624643,1,1,1,1,0
2739578.27,13.6,1,1,0,1.545026786,1,1,0,1,1
2734773.47,16.1,1,1,1,7.765250504,1,1,1,1,0
2734310.15,14.9,1,1,1,7.780830387,1,1,1,2,0
2730311.87,12.4,1,1,0,7.793800229,0,1,1,2,0
2730156,16.1,1,1,1,7.830133888,1,1,1,1,0
2728202.62,31.0,1,1,1,1.607057856,1,0,1,1,0
2727629.19,17.4,1,1,0,1.607516143,1,1,1,2,1
2722940.22,17.4,1,1,0,1.610355748,1,1,1,2,1
2720779.49,41.0,1,1,1,7.887929319,0,0,1,0,0
2719412.41,16.1,1,1,0,7.915948001,1,1,0,1,0
2716794.08,24.8,1,0,0,7.9549927,0,1,1,1,2
2713236.24,18.6,1,1,1,7.959411037,1,1,1,1,1
2713236.24,16.1,1,1,0,1.645986759,1,1,1,2,0
2713058.92,8.7,1,2,1,1.656522061,1,1,1,2,0
2712486.92,31.0,1,0,0,1.656750771,1,1,1,1,1
2712345.35,19.8,2,1,1,7.965277433,1,1,1,1,1
2712083.66,40.9,1,1,1,7.981991602,0,0,1,1,0
2707051.49,16.1,1,1,1,1.668042869,1,1,0,1,0
2704833.56,18.6,2,1,0,7.987325674,1,1,1,0,2
2702010.74,12.4,1,1,0,8.042791115,1,1,1,1,1
2701687.56,19.8,2,1,1,8.051239813,1,1,1,1,1
2700999.73,17.4,1,1,1,8.057629912,1,1,0,1,0
2699076.38,8.7,1,1,1,8.058245861,1,1,1,2,0
2697780.8,22.3,2,1,0,1.67203049,1,0,1,0,1
2692202.37,11.2,1,1,1,8.087616581,1,1,0,2,0
2691760.5,16.1,1,1,0,8.088191317,1,1,0,1,0
2689792.82,17.4,1,1,0,1.682251537,0,1,1,1,1
2687082.97,13.6,1,1,1,8.168971419,1,1,1,2,2
2686894.21,18.6,1,1,1,8.208513816,1,1,1,0,2
2686894.21,14.9,1,1,1,8.187419489,1,1,1,2,0
2686894.21,13.6,1,1,1,8.177402593,1,1,1,2,2
2686894.21,18.6,2,1,0,1.697520924,1,1,1,0,2
2685266.87,26.0,1,0,0,8.240567164,0,1,1,1,2
2676686.87,13.6,1,1,1,8.253250981,1,1,0,2,0
2675717.33,9.9,1,1,0,8.256830608,1,1,1,2,2
2674273.03,11.2,1,1,1,8.259917365,0,1,1,1,0
2671089.278,16.1,1,1,1,14.63498355,1,0,0,0,0
2667356.12,16.1,1,1,1,8.262289826,1,1,0,1,2
2666426.62,13.6,1,1,0,8.266458748,1,1,0,2,2
2662890.23,17.4,1,1,1,8.281828131,1,1,1,0,0
2660552.18,16.1,1,1,1,8.293057644,1,1,1,1,0
2659077.85,16.1,3,1,1,1.738635061,1,1,1,1,0
2657251.74,17.4,1,1,0,8.299338683,1,1,1,0,0
2656459.52,16.1,2,1,0,1.738727365,1,1,0,2,0
2654268.76,14.9,2,1,0,8.311634415,1,1,1,1,0
2653440.79,19.8,2,1,0,8.319437001,1,0,0,0,0
2651797.72,12.4,1,2,1,1.744564926,1,1,1,2,2
2650648,14.9,3,1,1,8.321189952,1,1,1,1,0
2649722.79,14.9,1,1,0,8.351390284,1,1,1,1,0
2649549.76,16.1,2,1,1,1.755832187,1,1,0,0,1
2647750.82,21.1,1,1,1,1.76020602,1,1,1,1,0
2647391.89,14.9,1,1,0,8.364571055,1,1,0,2,2
2645723.08,21.1,1,1,1,8.377227446,1,0,1,1,0
2643299.087,13.6,1,1,0,14.65573089,1,1,1,1,0
2642631.42,8.7,1,1,1,8.378556031,1,1,1,2,0
2641417.35,16.1,1,1,1,8.392230614,1,1,0,1,0
2637063,17.4,1,1,0,1.785408638,1,1,1,1,1
2634210.15,41.0,1,1,1,1.818910674,0,0,1,0,0
2634210.15,39.7,1,1,1,1.802671509,0,0,1,1,2
2634210.15,18.6,2,1,1,1.801974582,1,1,1,1,1
2634210.15,17.4,1,1,0,1.7941323,1,1,1,1,0
2634210.15,16.1,1,1,0,1.793574723,1,1,1,1,0
2634210.15,14.9,1,1,1,1.791666053,1,1,1,1,0
2632062.29,18.6,1,1,0,1.8385493,1,1,0,1,0
2630311.97,16.1,1,1,0,1.83867165,1,1,0,1,0
2629897.556,12.4,1,1,0,14.78409169,1,1,1,2,1
2628942.03,19.8,1,1,1,1.84061427,1,1,0,1,0
2625179.414,14.9,1,1,0,14.79427365,1,1,1,0,1
2623101.91,22.3,1,1,1,1.844305822,0,0,1,0,1
2618542.784,16.1,1,1,1,14.81877663,1,0,0,0,0
2616911.44,13.6,1,1,0,1.8492573,1,1,1,2,0
2616189.29,17.4,1,1,1,1.855455589,1,1,1,0,0
2612191.01,13.6,1,1,1,1.859520753,1,1,1,1,1
2608321.43,8.7,1,2,1,1.869923366,1,0,1,2,2
2607868.12,12.4,1,1,1,1.871931973,1,1,0,2,0
2604453.28,17.4,1,1,1,1.942369158,1,1,1,1,0
2602600,11.2,1,1,0,15.20916006,1,1,1,2,1
2602600,9.9,1,1,1,15.15543641,1,1,1,1,0
2602032.29,16.1,1,1,1,1.954466484,1,1,1,1,0
2597457.72,13.6,1,1,1,2.007605655,1,1,1,1,1
2595751.444,16.1,1,1,0,15.3503146,0,1,0,1,0
2590695.25,26.0,1,1,0,2.016136656,0,1,0,0,2
2581526.09,8.7,1,1,1,2.080909546,1,1,1,2,0
2581526.09,11.2,1,1,1,2.03062244,1,1,0,2,1
2575312.74,14.9,2,1,1,2.086640363,1,1,0,2,0
2575185.47,14.9,1,1,0,2.08967656,1,1,1,1,0
2573114.83,21.1,1,1,1,2.13615298,1,1,0,0,2
2568517.094,14.9,1,1,0,15.43991645,1,0,0,0,0
2567317.61,17.4,1,1,0,2.159041795,1,1,0,0,0
2564095.82,14.9,1,1,1,2.173797212,1,1,1,1,1
2563478.06,17.4,1,1,0,2.177181334,1,1,1,1,0
2559449.75,16.1,1,1,0,2.177746029,1,1,0,0,0
2557763.78,21.1,1,1,1,2.179618836,1,0,0,1,0
2555184.06,19.8,1,1,1,2.191292575,1,1,0,0,2
2547807.834,12.4,1,1,0,15.46493579,1,1,1,2,0
2544556.3,16.1,2,1,0,2.221272659,1,1,0,1,0
2542914.66,16.1,1,1,1,2.248492562,1,1,0,1,0
2535929.11,11.2,1,2,1,2.272675276,1,1,1,2,2
2534110.722,18.6,1,1,0,15.49507461,1,0,1,0,1
2528842.03,12.4,1,1,1,2.283147127,0,1,1,1,1
2528842.03,16.1,1,1,0,2.307653507,1,1,1,1,0
2519320.518,12.4,1,1,0,15.53121413,1,1,0,0,2
2517725.21,14.9,1,1,1,2.326199699,1,1,0,2,1
2514421.91,9.9,1,1,0,2.332562394,1,1,1,1,1
2512602.092,32.2,1,1,0,15.55709647,1,0,1,0,0
2510126.19,11.2,1,1,1,2.345331011,1,1,1,1,0
2502500,19.8,2,1,0,2.381971697,1,0,1,0,0
2502500,16.1,1,1,0,2.377010245,1,1,1,1,0
2500832.62,22.3,1,1,0,2.403302789,1,1,1,0,0
2491892.26,27.3,1,1,0,2.42579834,0,0,1,0,0
2490806.89,34.7,1,1,0,2.439157678,0,1,0,1,0
2488881.252,13.6,1,1,0,15.57771032,1,1,0,1,0
2484443.819,13.6,1,1,0,15.90576058,1,1,0,0,0
2481823.63,21.1,1,1,0,2.447859851,0,1,0,0,2
2478041.28,18.6,1,1,1,2.494427243,1,1,1,0,0
2477143.526,14.9,1,1,0,15.92335053,1,1,1,1,0
2476157.97,24.8,1,1,0,2.595976503,0,0,1,0,0
2476157.97,13.6,2,1,0,2.618697617,1,1,1,1,1
2476157.97,24.8,1,1,0,2.606365742,0,1,0,0,0
2476157.97,8.7,1,2,1,2.550351984,1,1,0,2,2
2465621.444,13.6,1,1,0,16.25914537,1,1,0,1,0
2465621.444,12.4,1,1,0,15.97674823,1,1,1,0,2
2454833.81,21.1,1,0,0,2.752849461,0,0,0,0,0
2453549.098,19.8,1,0,0,16.25998597,1,1,0,0,0
2449815.94,16.1,1,1,1,2.774567104,1,1,0,1,1
2442229.647,12.4,2,1,0,16.26039487,1,1,1,0,2
2436355.207,32.2,1,1,0,16.32484498,1,0,0,0,0
2434010.15,14.9,2,1,0,2.825602932,1,1,0,1,0
2433901.47,28.5,1,1,0,2.831089973,1,1,0,1,1
2432730.3,13.6,1,1,1,2.842459849,1,1,1,1,0
2431376.805,12.4,1,1,0,16.5206605,1,1,1,1,0
2431376.805,18.6,1,0,0,16.52083416,1,1,0,0,1
2424429.722,17.4,1,1,0,16.8175393,1,0,0,1,0
2423611.762,13.6,1,1,0,16.88687358,1,1,0,0,0
2423473.91,12.4,1,1,0,2.852400138,1,1,0,2,0
2423473.91,11.2,1,1,0,2.850527858,1,1,0,2,0
2418002.73,14.9,1,1,0,2.876634809,1,1,1,2,2
2415883.47,40.9,1,0,0,2.896976775,1,1,0,1,1
2413822.268,14.9,1,1,0,17.16279682,1,1,1,1,0
2409396.99,7.4,1,1,1,2.897192119,1,1,1,2,1
2408467.49,21.1,1,0,0,2.92184356,0,0,0,0,0
2397132.166,14.9,1,1,0,17.19310925,1,1,1,1,0
2394662.27,13.6,1,1,1,2.935594944,1,1,1,1,0
2393951.417,7.4,1,1,0,17.22752977,0,0,1,2,1
2382919.11,19.8,1,1,1,2.945333513,1,0,1,0,1
2379374.14,16.1,1,1,1,2.9624671,1,1,0,1,0
2379136.76,23.6,1,1,1,2.968791676,1,1,1,1,0
2377578.06,14.9,2,1,0,2.971415985,1,1,0,0,1
2370789.85,17.4,1,1,1,3.04059529,1,1,1,0,0
2370789.85,14.9,1,1,1,3.009774081,1,1,1,1,1
2370789.85,12.4,1,1,1,2.981184903,1,1,1,1,1
2370789.85,14.9,1,1,1,3.035271688,1,1,0,2,1
2368045.68,22.3,1,1,1,3.057075896,1,1,0,1,1
2365521.73,18.6,1,1,1,3.113270219,1,0,1,0,0
2356697.2,19.8,1,1,0,3.16372358,0,1,0,0,2
2354984.06,22.3,1,1,1,3.166863495,1,0,0,1,0
2347355.01,16.1,1,1,0,3.21045817,1,1,2,1,0
2345590.39,14.9,1,1,0,3.224118904,1,1,1,1,1
2344447.82,12.4,1,1,0,3.23630425,1,1,1,1,0
2339588.68,8.7,1,1,0,3.26722041,1,1,1,1,1
2338762.14,12.4,1,1,0,3.274240047,1,1,0,2,1
2331848.09,13.6,1,1,0,3.34723544,1,1,1,2,0
2328642.888,13.6,1,1,0,17.41490612,1,0,1,0,2
2323373.91,33.5,1,1,1,3.349954058,0,0,0,1,0
2322743.28,16.1,2,1,0,3.359553588,1,1,1,1,0
2318105.79,18.6,1,1,1,3.3911584,1,0,1,0,0
2318105.79,8.7,1,1,0,3.390525119,1,1,1,1,1
2318105.79,12.4,1,1,0,3.375059665,1,1,1,2,0
2318105.79,21.1,1,0,0,3.421570791,0,0,0,0,1
2307216.34,11.2,1,1,0,3.431593084,1,1,0,2,2
2300220.78,22.3,2,0,0,3.452790646,0,0,1,1,1
2291406.26,14.9,1,1,0,3.4737775,1,1,1,1,0
2290190.76,12.4,1,1,1,3.503730545,1,1,1,2,1
2272554.57,12.4,1,1,0,3.576262129,1,1,0,2,1
2266818.84,17.4,1,1,0,3.58115945,1,1,0,1,0
2265421.73,21.1,1,1,0,3.643726146,1,1,1,0,0
2265421.73,14.9,2,1,0,3.646389723,1,1,0,0,1
2265421.73,11.2,1,1,0,3.613837944,1,1,0,2,0
2260432.46,24.8,1,0,1,3.67546935,1,1,1,0,1
2260152.18,33.5,1,1,0,1.2028754,0,1,0,1,0
2257253.57,18.6,2,1,1,3.689475926,1,0,1,1,0
2254944.12,14.9,1,1,1,3.69778449,1,1,1,1,1
2247962.86,14.9,1,1,0,3.706746235,1,1,0,0,1
2242278.61,29.8,1,1,0,1.256877115,0,0,0,1,1
2241390.58,18.6,1,1,1,3.706772521,1,0,0,0,0
2239078.27,18.6,2,1,1,3.711501494,1,0,1,1,0
2231473.53,23.6,2,0,0,3.775877117,0,0,1,1,1
2225907.112,16.1,1,1,0,17.52172764,0,1,0,0,1
2221670.88,21.1,1,1,0,3.798878905,1,0,0,0,0
2214490.993,23.6,1,1,0,17.71772614,1,0,0,0,0
2213005.08,28.5,1,1,0,3.824205452,0,0,0,1,1
2212736.24,14.9,1,1,1,3.862908123,1,1,1,1,0
2212736.24,13.6,1,1,1,3.848476243,1,1,1,1,1
2192596.12,11.2,1,1,1,3.921776261,1,1,1,2,0
2191662.473,8.7,1,1,0,17.96585576,1,0,1,1,1
2184813.917,22.3,1,1,0,18.04721494,1,0,0,0,0
2184210.6,18.6,1,1,1,3.953461135,1,0,0,0,2
2178899.58,11.2,1,1,1,4.00208242,1,1,1,1,0
2172556.1,26.0,1,0,1,4.015082618,1,1,1,0,1
2160052.18,22.3,2,0,0,4.068954908,0,0,1,1,0
2160052.18,24.8,1,0,1,4.056769733,1,1,1,0,0
2160052.18,14.9,1,1,0,4.054040199,1,1,0,0,1
2156970.53,29.8,1,0,1,4.070285353,1,0,0,0,0
2133710.15,11.2,1,1,1,4.172913986,1,1,0,2,0
2133710.15,18.6,1,1,1,4.188784042,0,0,0,1,0
2133710.15,13.6,1,1,0,4.180038446,1,1,0,0,1
2130185.343,12.4,1,1,0,8.727868784,0,1,1,1,0
2123138.16,14.9,1,1,0,4.217264255,1,1,1,0,1
2121379.26,17.4,1,1,1,4.222888811,1,0,0,0,0
2120579.89,16.1,1,1,0,4.228655974,1,0,0,0,2
2117066.38,16.1,1,1,1,4.230516563,1,0,0,0,2
2111164.77,31.0,1,0,1,4.239758003,1,0,1,0,0
2107368.12,11.2,1,1,1,4.259833586,1,1,1,2,2
2107368.12,16.1,1,1,1,4.265219348,1,0,0,0,0
2107042.08,17.4,1,1,1,4.309543668,1,0,1,1,0
2104956.854,12.4,2,1,0,8.93693153,0,1,1,0,0
2103211.253,14.9,1,1,0,9.067883524,1,1,0,1,1
2102606.22,13.6,1,1,0,1.554899424,1,1,1,0,0
2090112.31,18.6,1,1,1,4.343532635,1,1,0,1,1
2090092.29,13.6,1,1,0,9.181894509,0,1,1,1,0
2088928.556,12.4,1,1,0,9.281179515,1,1,1,1,0
2082367.43,16.1,1,1,0,4.389487785,1,0,0,0,0
2076444.37,18.6,1,1,1,4.425024085,1,0,0,1,0
2075017.23,19.8,1,1,0,4.427120198,1,0,1,0,0
2060153.81,17.4,1,1,1,4.496656743,1,1,0,1,1
2058798.17,12.4,1,1,0,4.511316784,1,1,0,0,0
2058452.11,8.7,1,2,0,4.547410286,1,1,1,2,1
2054684.06,28.5,1,0,1,4.556675696,1,0,1,0,0
2054683.917,12.4,2,1,0,9.385307864,1,1,1,0,0
2054683.917,9.9,1,1,0,9.334052245,0,0,1,0,0
2054683.917,13.6,1,1,0,9.356468217,0,1,0,1,0
2052431.81,11.2,1,1,0,4.586455314,1,1,1,2,0
2045372.186,14.9,2,0,0,9.39704457,0,1,0,1,1
2042398.93,8.7,1,2,0,4.597851737,1,1,0,2,1
2029077.05,14.9,1,1,0,4.598775529,1,1,0,0,0
2028342.03,16.1,1,1,1,4.637689017,1,0,1,1,0
2028186.16,12.4,1,1,0,4.657637002,1,1,1,2,0
2019717.7,12.4,1,1,0,4.693439918,1,1,1,2,0
2017747.16,13.6,1,1,0,4.73856516,1,1,1,0,0
2017422.55,17.4,1,1,0,4.747679023,0,1,0,1,0
2015293.566,7.4,1,1,0,9.625758926,0,0,1,2,0
2013598.73,16.1,1,1,0,4.827861883,1,0,1,1,0
2004839.98,9.9,1,1,1,4.829222136,1,1,0,1,0
2002000,16.1,1,1,0,5.089046824,1,0,1,1,1
2002000,14.9,1,1,0,5.057594657,1,1,2,0,0
2002000,16.1,1,1,1,5.090285421,1,1,1,1,0
2002000,14.9,1,1,1,5.077882368,1,0,0,0,0
2002000,8.7,1,2,0,5.015536238,1,1,0,2,1
1999301.59,18.6,1,1,0,5.091612356,1,0,1,0,0
1996731.88,13.6,1,1,0,5.188091236,1,1,1,0,0
1990568.58,13.6,1,1,0,5.198883299,1,1,1,1,1
1976922.09,14.9,1,1,0,5.215141273,1,0,1,0,0
1974240.84,12.4,1,1,0,5.25516449,1,1,1,0,0
1960601.786,14.9,2,0,0,9.680310363,0,1,0,1,0
1959012.77,14.9,1,1,0,5.29707742,1,0,0,0,0
1957775.82,13.6,1,1,0,5.313574059,1,1,1,0,2
1954934.41,18.6,1,0,0,5.333813622,1,1,0,0,0
1949315.94,14.9,1,1,0,5.487276373,1,0,1,0,2
1949315.94,14.9,1,1,0,5.420655845,1,0,0,0,0
1942323.24,13.6,1,1,0,5.490708748,1,1,1,1,1
1917705.361,13.6,2,0,0,18.12971118,0,1,0,1,1
1912046.565,7.4,1,1,0,9.722356337,0,0,1,2,0
1911192.14,19.8,1,0,0,5.649873088,0,1,1,0,0
1907408.36,13.6,1,0,0,9.881355623,0,1,1,0,0
1897973.935,12.4,1,0,0,9.912499668,0,1,0,0,0
1896631.88,12.4,1,1,0,5.753161676,1,1,0,0,0
1892659.054,14.9,1,1,0,9.91585826,1,0,1,1,0
1888590.99,12.4,1,1,0,5.790122681,0,1,0,0,0
1876989.4,12.4,1,1,0,5.859929479,1,1,1,1,1
1874702.973,14.9,1,1,0,10.06115435,1,0,1,1,0
1871759.89,13.6,1,1,0,5.893734728,1,0,1,0,0
1861375.23,19.8,1,0,0,6.182074729,0,1,1,0,0
1857352.64,13.6,1,1,0,6.290005791,1,1,0,1,0
1855722.44,11.2,1,1,0,6.365659718,1,1,0,2,2
1855676.68,11.2,2,1,0,6.366575772,1,1,1,0,2
1849216.083,7.4,1,1,0,19.0042842,0,0,1,2,0
1849216.083,14.9,1,1,0,10.06648485,1,0,1,1,0
1843947.82,32.2,1,1,0,6.615159254,1,0,1,0,0
1843947.82,19.8,1,0,0,6.589074007,0,1,1,0,0
1843947.82,13.6,1,1,0,6.553689886,1,1,0,0,0
1843947.82,13.6,1,1,0,6.503637434,1,1,1,1,0
1843947.82,12.4,1,1,0,6.455037601,1,1,0,0,0
1838555.29,14.9,1,0,0,6.682739235,0,1,1,1,0
1835392.13,14.9,1,1,0,6.804848965,1,0,0,0,0
1829343.23,14.9,1,1,0,6.836574511,1,0,0,0,0
1826611.93,16.1,1,0,0,6.842770624,0,1,1,1,0
1815450.78,11.2,1,1,0,6.891798249,1,1,0,2,1
1814971.444,12.4,1,0,0,21.43902186,0,1,1,0,0
1812857.761,13.6,1,1,0,10.11689513,1,1,0,0,0
1812336.24,14.9,1,1,0,6.904800247,1,0,0,0,0
1811236.57,13.6,1,1,0,6.977283324,1,0,1,1,0
1798170.66,17.4,1,1,0,7.056653654,0,1,0,0,0
1797920.696,9.9,1,1,0,10.11880748,0,1,1,0,1
1791263.76,11.2,2,1,0,7.171201902,1,1,1,0,2
1791263.76,9.9,1,1,0,7.120546446,1,1,0,2,0
1783251.327,16.1,1,1,0,10.23935542,0,0,0,1,0
1782055.99,16.1,1,1,0,10.29078474,0,0,1,1,0
1781568.932,12.4,1,1,0,10.35487657,0,1,0,0,0
1780726.805,12.4,1,1,0,10.46420142,0,1,1,0,0
1778297.092,13.6,1,1,0,10.4793765,0,0,0,1,2
1764921.73,14.9,1,0,0,7.20125957,0,1,1,1,0
1763410.22,13.6,1,1,0,7.24660922,1,0,1,1,0
1754239.63,8.7,1,1,0,7.30160613,1,1,1,1,0
1748822.647,11.2,1,1,0,10.50738157,0,1,1,0,1
1742992.823,16.1,1,0,0,10.55323152,1,0,0,1,0
1741167.285,16.1,1,0,0,10.5748919,1,1,0,1,0
1739532.08,8.7,1,1,0,7.302127171,1,0,1,1,0
1738578.27,13.6,1,1,0,7.438881806,1,0,1,1,0
1730907.464,12.4,1,1,0,10.91927553,0,0,1,1,0
1729016.861,9.9,1,1,0,12.30582526,0,1,2,0,1
1725051.9,17.4,1,1,0,7.440577263,0,1,0,0,0
1719966.82,7.4,1,1,0,7.632731294,0,0,1,2,1
1714062.35,16.1,1,1,0,7.698127499,1,0,0,1,0
1712237.527,12.4,1,1,0,12.74261964,0,1,1,1,0
1712237.527,16.1,1,0,0,13.07493803,1,0,0,1,1
1712237.527,14.9,1,1,0,12.8264016,0,0,0,1,0
1712236.24,7.4,1,1,0,7.764365888,0,0,1,2,0
1712236.24,16.1,1,1,0,7.864054165,1,1,2,1,0
1700025.47,11.2,1,1,0,3.443000921,0,0,1,0,0
1694781.66,22.3,1,1,0,7.930385542,1,1,0,0,0
1658431.06,14.9,1,1,0,3.601561989,0,1,0,1,0
1646078.72,12.4,2,1,0,8.297627288,0,1,1,0,0
1645136.35,9.9,1,1,0,3.783406746,0,0,1,0,0
